[{"model": "auth.user", "fields": {"password": "pbkdf2_sha256$216000$isNjUf19JXCz$wjMWs77W/Ko/6dFSPZImbrkhwUls5cH0+OX1qIfS+Qo=", "last_login": "2021-06-30T16:49:57.100Z", "is_superuser": true, "username": "admin", "first_name": "", "last_name": "", "email": "admin@gmail.com", "is_staff": true, "is_active": true, "date_joined": "2021-06-23T13:12:25.061Z", "groups": [], "user_permissions": []}}, {"model": "sessions.session", "pk": "83yuy4xjco6oek4rrkacl2f0wmvprjnv", "fields": {"session_data": ".eJyFjDsOgzAQBe-yNbLWXjCEMn3OgNa_4CSCBEwRIe4eLNFQpXnFm9GsYHlK0K5AlPez8JBi-kIrC3hP0XpoQSGiQIStAPlf2q2Ol9R3y-ynLrqdSTh9hu3TDxm4Bw_3UdhxSFM0IivioLO4jc6_rod7CvQ89zlLpqyoaRwRO1SKG1tdUAZ02nqNpm7qShOyKYM3hCFoFWqsVNCotHUE2w_2HE9X:1lycxo:kVXdKbHcm4i_cGiH2eOenfqkRADF6Dpf6wXxCVfv_tk", "expire_date": "2021-07-14T16:21:24.797Z"}}, {"model": "sessions.session", "pk": "bcmfcb73it0kpkh3mlg1mppqw8evg99a", "fields": {"session_data": "eyJjYXJ0Ijp7fX0:1lyc1f:LPGY0G627QAqU7afbnmXuDqlvx6ZJgfQ3VLNQmK9NA8", "expire_date": "2021-07-14T15:21:19.510Z"}}, {"model": "sessions.session", "pk": "kggndybr4zzoaliropbxh078zm7a136c", "fields": {"session_data": "eyJjYXJ0Ijp7fX0:1lyioa:Ma9a16d1VE2-k7zmLHd_bhKsp-r8e7I75IOr1DNXz7A", "expire_date": "2021-07-14T22:36:16.174Z"}}, {"model": "sessions.session", "pk": "m8kkpjtm9nvtz6dan2rycd32cwbo7zsz", "fields": {"session_data": ".eJxVjMsOwiAQAP-FsyFbtjzs0bvf0CwsSNW0CbSnpv-uJD3odWYyuxhpW_O41VjGicUgOnH5ZZ7CK85N8JPmxyLDMq9l8rIl8rRV3heO79vZ_g0y1dy26HuNzjEiMShFLugrdAnYhGjAW2e1QSDfp-gRUjIqWdAqGVAmMH6ngcoqhv04PgIgOqo:1lyj0d:rRDG_uqANoclJS8Fr53obInzJzaRVf4AvmryRhbVl6M", "expire_date": "2021-07-14T22:48:43.582Z"}}, {"model": "sessions.session", "pk": "rgb3l8jh0k0t1ue9qzn1jpua5b8qkxjs", "fields": {"session_data": "eyJjYXJ0Ijp7fX0:1lyc43:q9XPrhMR2Exm_2ZQnFeqMhHp7jgJtbE8iE9BEExGg8U", "expire_date": "2021-07-14T15:23:47.089Z"}}, {"model": "sessions.session", "pk": "x0k5yyo71bkuu8oy1qazs2cm8zdk2jrr", "fields": {"session_data": ".eJxVjr0OwjAQg9_lZhRdkyYNHdl5huryRwMohTQdUNV3J5U6wOLBtj57hYGWMg7L7PMQHfTQwOnXM2QfPu2Bu1O6TcxOqeRo2F5hRzqz6-T883J0_wAjzeOOFaaVQmsnBDnknLSVZ2wCOmW9QtPpTiqBZNrgjcAQFA8dSh4UcmWdqFBLuUC_1odV3gulEssH-uYErxytryMcERkibNv2BfmXRNA:1lyCys:7EPcQ3TcwcWjT8_PfupJNYlun0CaQJruGc_f6iJsrRM", "expire_date": "2021-07-13T12:36:46.059Z"}}, {"model": "sessions.session", "pk": "x276n7tmdujd7tq8u4bsttnne17chvgn", "fields": {"session_data": ".eJxVjEEOgyAQAP-y54asrCD12LtvMAsL1baRBPRk_Htj4sXrzGR2CFxW6PfjASNv6zRuNZZxFuihgRvzHL5xOYV8eHlnFfKyltmrM1GXrWrIEn-vq70NJq7TuSXfGnJOiFhQa3bBPLFJKDZEi75znbGE7NsUPWFKVqcOjU4WtQ1CcPwBEO46qg:1lyRvM:75atUBNoLvr7Wx9VBh4yfZ9d0abFFe9ijVI3tD2G90E", "expire_date": "2021-07-14T04:34:08.867Z"}}, {"model": "sessions.session", "pk": "yrkymskj0hy8rh5lrb0ikobgzq5birih", "fields": {"session_data": "eyJjYXJ0Ijp7fX0:1lz6tg:GWvEJxQIqOgSA2G1sQWGIUw7K1g5xYgBIbCZJAud2rc", "expire_date": "2021-07-16T00:19:08.988Z"}}, {"model": "store.category", "pk": 2, "fields": {"name": "Snake Plants", "slug": "snake-plants"}}, {"model": "store.category", "pk": 3, "fields": {"name": "Kokedama Plants", "slug": "kokedama-plants"}}, {"model": "store.category", "pk": 4, "fields": {"name": "Cokedama String Garden", "slug": "cokedama-string-garden"}}, {"model": "store.category", "pk": 5, "fields": {"name": "Decayed Wood Plant Arrangements", "slug": "decayed-wood-plant-arrangements"}}, {"model": "store.category", "pk": 6, "fields": {"name": "Terrariums", "slug": "terrariums"}}, {"model": "store.category", "pk": 7, "fields": {"name": "Plant Art", "slug": "plant-art"}}, {"model": "store.category", "pk": 8, "fields": {"name": "Painted Clay Pots", "slug": "painted-clay-pots"}}, {"model": "store.category", "pk": 9, "fields": {"name": "Painted Cement Pots", "slug": "painted-cement-pots"}}, {"model": "store.category", "pk": 15, "fields": {"name": "Glass Bottle Planters", "slug": "glass-bottle-planters"}}, {"model": "store.category", "pk": 17, "fields": {"name": "Plant Themed Photo Frames", "slug": "plant-themed-photo-frames"}}, {"model": "store.category", "pk": 18, "fields": {"name": "Plant Themed Greeting Cards", "slug": "plant-themed-greeting-cards"}}, {"model": "store.category", "pk": 19, "fields": {"name": "Plant Themed Jewelry", "slug": "plant-themed-jewelry"}}, {"model": "store.category", "pk": 20, "fields": {"name": "Plant Themed Jewelry Holders", "slug": "plant-themed-jewelry-holders"}}, {"model": "store.category", "pk": 21, "fields": {"name": "Plant Themed Paintings", "slug": "plant-themed-paintings"}}, {"model": "store.category", "pk": 22, "fields": {"name": "Plant Themed String Art", "slug": "plant-themed-string-art"}}, {"model": "store.category", "pk": 23, "fields": {"name": "Money Plants", "slug": "money-plants"}}, {"model": "store.category", "pk": 24, "fields": {"name": "Aglaonema Creta Plants", "slug": "aglaonema-creta-plants"}}, {"model": "store.product", "pk": 4, "fields": {"category": 4, "name": "Cokedama String Garden", "slug": "cokedama-string-garden", "list_image": "products/2021/06/30/stringgarden1.jpg", "image": "products/2021/06/28/stringgarden1.jpg", "description": "<p>Cokedama String Garden</p>", "price": "2000", "available": true, "created": "2021-06-29T01:28:36.106Z", "updated": "2021-06-30T21:17:24.352Z", "product_code": ""}}, {"model": "store.product", "pk": 6, "fields": {"category": 5, "name": "Decayed Wood Plant Arrangements", "slug": "decayed-wood-plant-arrangements", "list_image": "products/2021/06/30/decayedwood1.jpg", "image": "products/2021/06/28/decayedwood1.jpg", "description": "<p>Decayed Wood Plant Arrangements</p>", "price": "3000", "available": true, "created": "2021-06-29T01:29:27.873Z", "updated": "2021-06-30T21:17:35.563Z", "product_code": ""}}, {"model": "store.product", "pk": 7, "fields": {"category": 15, "name": "Glass Bottle Planters", "slug": "glass-bottle-planters", "list_image": "products/2021/06/30/glass_bottle.jpg", "image": "products/2021/06/28/glass_bottle.jpg", "description": "<p>Glass Bottle Planters</p>", "price": "2500", "available": true, "created": "2021-06-29T01:30:00.112Z", "updated": "2021-06-30T21:17:51.664Z", "product_code": ""}}, {"model": "store.product", "pk": 8, "fields": {"category": 9, "name": "Painted Cement Pots", "slug": "painted-cement-pots", "list_image": "products/2021/06/30/cement_pot1.jpg", "image": "products/2021/06/28/cement_pot1.jpg", "description": "<p>Painted Cement Pots</p>", "price": "1500", "available": true, "created": "2021-06-29T01:30:36.634Z", "updated": "2021-06-30T21:19:59.548Z", "product_code": ""}}, {"model": "store.product", "pk": 9, "fields": {"category": 8, "name": "Painted Clay Pots", "slug": "painted-clay-pots", "list_image": "products/2021/06/30/clay_pot1.jpg", "image": "products/2021/06/28/clay_pot1.jpg", "description": "<p>Painted Clay Pots</p>", "price": "1500", "available": true, "created": "2021-06-29T01:31:06.604Z", "updated": "2021-06-30T21:20:13.757Z", "product_code": ""}}, {"model": "store.product", "pk": 10, "fields": {"category": 7, "name": "Plant Art", "slug": "plant-art", "list_image": "products/2021/06/30/plantart1.jpg", "image": "products/2021/06/28/plantart1.jpg", "description": "<p>Plant Art</p>", "price": "4000", "available": true, "created": "2021-06-29T01:31:36.085Z", "updated": "2021-06-30T21:20:35.855Z", "product_code": ""}}, {"model": "store.product", "pk": 11, "fields": {"category": 18, "name": "Plant Themed Greeting Cards", "slug": "plant-themed-greeting-cards", "list_image": "products/2021/06/30/greeting_card1.png", "image": "products/2021/06/28/greeting_card1.png", "description": "<p>Plant Themed Greeting Cards</p>", "price": "1000", "available": true, "created": "2021-06-29T01:32:07.515Z", "updated": "2021-06-30T21:20:48.421Z", "product_code": ""}}, {"model": "store.product", "pk": 12, "fields": {"category": 19, "name": "Plant Themed Jewelry", "slug": "plant-themed-jewelry", "list_image": "products/2021/06/30/jewelry1.jpg", "image": "products/2021/06/28/jewelry1.jpg", "description": "<p>Plant Themed Jewelry</p>", "price": "4000", "available": true, "created": "2021-06-29T01:32:36.553Z", "updated": "2021-06-30T21:21:00.961Z", "product_code": ""}}, {"model": "store.product", "pk": 13, "fields": {"category": 20, "name": "Plant Themed Jewelry Holders", "slug": "plant-themed-jewelry-holders", "list_image": "products/2021/06/30/jewleryholder1.jpg", "image": "products/2021/06/28/jewleryholder1.jpg", "description": "<p>Plant Themed Jewelry Holders</p>", "price": "2500", "available": true, "created": "2021-06-29T01:33:07.609Z", "updated": "2021-06-30T21:21:14.019Z", "product_code": ""}}, {"model": "store.product", "pk": 14, "fields": {"category": 21, "name": "Plant Themed Painting1", "slug": "plant-themed-painting1", "list_image": "products/2021/06/30/146997516_114144970651747_5474770022051883831_n.jpg", "image": "products/2021/06/28/146997516_114144970651747_5474770022051883831_n.jpg", "description": "<p>Plant Themed Painting1</p>", "price": "1000", "available": true, "created": "2021-06-29T01:34:05.971Z", "updated": "2021-06-30T21:21:57.414Z", "product_code": ""}}, {"model": "store.product", "pk": 15, "fields": {"category": 17, "name": "Plant Themed Photo Frames", "slug": "plant-themed-photo-frames", "list_image": "products/2021/06/30/frames1.jpg", "image": "products/2021/06/28/frames1.jpg", "description": "<p>Plant Themed Photo Frames</p>", "price": "1500", "available": true, "created": "2021-06-29T01:34:52.058Z", "updated": "2021-06-30T21:22:18.344Z", "product_code": ""}}, {"model": "store.product", "pk": 16, "fields": {"category": 22, "name": "Plant Themed String Art", "slug": "plant-themed-string-art", "list_image": "products/2021/06/30/string_art1.png", "image": "products/2021/06/28/string_art1.png", "description": "<p>Plant Themed String Art</p>", "price": "2000", "available": true, "created": "2021-06-29T01:35:35.583Z", "updated": "2021-06-30T21:22:32.723Z", "product_code": ""}}, {"model": "store.product", "pk": 18, "fields": {"category": 6, "name": "Terrarium 1", "slug": "terrarium-1", "list_image": "products/2021/06/30/Terrariums1.jpg", "image": "products/2021/06/28/Terrariums1.jpg", "description": "<p>Terrariums1</p>", "price": "4000", "available": true, "created": "2021-06-29T01:36:56.668Z", "updated": "2021-06-30T21:24:08.851Z", "product_code": ""}}, {"model": "store.product", "pk": 19, "fields": {"category": 6, "name": "Terrarium 2", "slug": "terrarium-2", "list_image": "products/2021/06/30/Terrariums2.jpg", "image": "products/2021/06/28/Terrariums2.jpg", "description": "<p>Terrarium 2</p>", "price": "3500", "available": true, "created": "2021-06-29T01:37:28.030Z", "updated": "2021-06-30T21:24:20.558Z", "product_code": ""}}, {"model": "store.product", "pk": 21, "fields": {"category": 2, "name": "Snake Plant ( Small) - Wood Stand", "slug": "snake-plant-small-wood-stand", "list_image": "products/2021/06/30/a1_WLo8PIF.jpg", "image": "products/2021/06/30/a1.jpg", "description": "<p>Cokedama Snake Plant ( Small) - with &nbsp;reclaimed wood stand</p>\r\n\r\n<p>Height with plant approx. 8&rdquo;, ball diameter approx. 4&rdquo;</p>\r\n\r\n<p>Plant type - Sansevieria zeylanica- Low maintenance indoor plant- Water when soil dries out, roughly 1x/week</p>", "price": "1500", "available": true, "created": "2021-06-30T04:17:56.044Z", "updated": "2021-06-30T21:23:54.195Z", "product_code": "CIP P001 A1"}}, {"model": "store.product", "pk": 22, "fields": {"category": 2, "name": "Snake Plant ( Small) - Stone Stand", "slug": "snake-plant-small-stone-stand", "list_image": "products/2021/06/30/a2_fbensEP.jpg", "image": "products/2021/06/30/a2.jpg", "description": "<p>Cokedama Snake Plant ( Small) - with &nbsp;stone stand&nbsp;&nbsp; &nbsp;</p>\r\n\r\n<p>Height with plant approx. 8&rdquo;, ball diameter approx. 4&rdquo;</p>\r\n\r\n<p>Plant type - Sansevieria zeylanica- Low maintenance indoor plant- Water when soil dries out, roughly 1x/week<br />\r\n&nbsp;</p>", "price": "1500", "available": true, "created": "2021-06-30T04:19:43.937Z", "updated": "2021-06-30T21:23:15.578Z", "product_code": "CIP P001 A2"}}, {"model": "store.product", "pk": 23, "fields": {"category": 2, "name": "Snake Plant ( Small) - Timber Frame", "slug": "snake-plant-small-timber-frame", "list_image": "products/2021/06/30/Picture3.jpg", "image": "products/2021/06/30/Picture3_pDagRrd.jpg", "description": "<p>Cokedama Snake Plant ( Small) - with &nbsp;Timber frame&nbsp;&nbsp; &nbsp;</p>\r\n\r\n<p>Height with plant approx. 8&rdquo;, ball diameter approx.4&rdquo; , Frame size - 12&quot; x 12&quot; x 3&quot;&nbsp;&nbsp; &nbsp;</p>\r\n\r\n<p>Plant type - Sansevieria zeylanica- Low maintenance indoor plant- Water when soil dries out, roughly 1x/week<br />\r\n&nbsp;</p>", "price": "2500", "available": true, "created": "2021-06-30T04:22:14.235Z", "updated": "2021-06-30T21:23:40.645Z", "product_code": "CIP P001 A0"}}, {"model": "store.product", "pk": 24, "fields": {"category": 2, "name": "Snake Plant ( Medium size)", "slug": "snake-plant-medium-size", "list_image": "products/2021/06/30/Picture4_MfAclbS.jpg", "image": "products/2021/06/30/Picture4.jpg", "description": "<p>Cokedama Snake Plant ( Medium size) - only the plant ball&nbsp; &nbsp;</p>\r\n\r\n<p>Height with plant approx. 1&rsquo; , ball diameter approx. 4&quot;&nbsp;&nbsp; &nbsp;</p>\r\n\r\n<p>Plant type - Sansevieria zeylanica- Low maintenance indoor plant- Water when soil dries out, roughly 1x/week<br />\r\n&nbsp;</p>", "price": "1500", "available": true, "created": "2021-06-30T04:23:16.566Z", "updated": "2021-06-30T21:23:02.546Z", "product_code": "CIP P001 B"}}, {"model": "store.product", "pk": 25, "fields": {"category": 2, "name": "Snake Plant (Large)", "slug": "snake-plant-large", "list_image": "products/2021/06/30/Picture5_xfNKE7P.jpg", "image": "products/2021/06/30/Picture5.jpg", "description": "<p>Cokedama Snake Plant (Large) - only the plant ball&nbsp;&nbsp; &nbsp;</p>\r\n\r\n<p>Hight with plant approx. 2&rsquo; , ball diameter approx. 6&quot;&nbsp;&nbsp; &nbsp;</p>\r\n\r\n<p>Plant type - Sansevieria zeylanica- Low maintenance indoor plant- Water when soil dries out, roughly 1x/week<br />\r\n&nbsp;</p>", "price": "2000", "available": true, "created": "2021-06-30T04:24:13.952Z", "updated": "2021-06-30T21:22:50.651Z", "product_code": "CIP P001 C"}}, {"model": "store.product", "pk": 26, "fields": {"category": 23, "name": "Money Plant ( Small) -  Wood Stand", "slug": "money-plant-small-wood-stand", "list_image": "products/2021/06/30/Picture6_ytXqLbl.jpg", "image": "products/2021/06/30/Picture6.jpg", "description": "<p>Cokedama Money Plant ( Small) - with &nbsp;reclaimed wood stand&nbsp;&nbsp; &nbsp;</p>\r\n\r\n<p>Height with plant approx. 8&rdquo;, ball diameter approx.4&rdquo; , &nbsp;&nbsp; &nbsp;</p>\r\n\r\n<p>Plant type - Goldon pothos-Low maintenance indoor plant.Water: Keep soil moist, but be careful not to overwater. &nbsp;Pothos do best when their soil is allowed to dry out between waterings Expect to water more often in brighter light and less often in lower light.<br />\r\n&nbsp;</p>", "price": "1500", "available": true, "created": "2021-06-30T04:25:48.042Z", "updated": "2021-06-30T21:19:40.431Z", "product_code": "CIP P002 A1"}}, {"model": "store.product", "pk": 27, "fields": {"category": 23, "name": "Money Plant ( Small) - Stone Stand", "slug": "money-plant-small-stone-stand", "list_image": "products/2021/06/30/Picture7_7BT2cu2.jpg", "image": "products/2021/06/30/Picture7.jpg", "description": "<p>Cokedama Money Plant ( Small) - with &nbsp;stone stand&nbsp;&nbsp; &nbsp;</p>\r\n\r\n<p>Height with plant approx. 8&rdquo;, ball diameter approx.4&rdquo; , &nbsp;&nbsp; &nbsp;</p>\r\n\r\n<p>Plant type - Goldon pothos-Low maintenance indoor plant.Water: Keep soil moist, but be careful not to overwater. &nbsp;Pothos do best when their soil is allowed to dry out between waterings Expect to water more often in brighter light and less often in lower light.<br />\r\n&nbsp;</p>", "price": "1500", "available": true, "created": "2021-06-30T04:26:56.704Z", "updated": "2021-06-30T21:19:17.686Z", "product_code": "CIP P002 A2"}}, {"model": "store.product", "pk": 28, "fields": {"category": 23, "name": "Money Plant ( Small) - Timber Frame", "slug": "money-plant-small-timber-frame", "list_image": "products/2021/06/30/Picture8_FqUqYbB.jpg", "image": "products/2021/06/30/Picture8.jpg", "description": "<p>Cokedama Money Plant ( Small) - with &nbsp;timber frame&nbsp;&nbsp; &nbsp;</p>\r\n\r\n<p>Height with plant approx. 8&rdquo;, ball diameter approx.4&rdquo; , Frame size - 12&quot; x 12&quot; x 3&quot;&nbsp;&nbsp; &nbsp;</p>\r\n\r\n<p>Plant type - Goldon pothos-Low maintenance indoor plant.Water: Keep soil moist, but be careful not to overwater. &nbsp;Pothos do best when their soil is allowed to dry out between waterings Expect to water more often in brighter light and less often in lower light.<br />\r\n&nbsp;</p>", "price": "2500", "available": true, "created": "2021-06-30T04:27:58.890Z", "updated": "2021-06-30T21:19:28.421Z", "product_code": "CIP P002 A10"}}, {"model": "store.product", "pk": 29, "fields": {"category": 23, "name": "Money plant (Medium) - Wall Mount - Timber Frame", "slug": "money-plant-medium-wall-mount-timber-frame", "list_image": "products/2021/06/30/Picture9_Cuxtt8Y.jpg", "image": "products/2021/06/30/Picture9.jpg", "description": "<p>Cokedama Money plant-Hanging Type- Medium length with &nbsp;timber frame&nbsp;&nbsp; &nbsp;</p>\r\n\r\n<p>Length of plant approx. 12&rdquo;, ball diameter approx. 6&rdquo;,Frame size - 12&quot; x 12&quot; x 3&quot;&nbsp;&nbsp; &nbsp;</p>\r\n\r\n<p>Plant type - Goldon pothos-Low maintenance indoor plant.Water: Keep soil moist, but be careful not to overwater. &nbsp;Pothos do best when their soil is allowed to dry out between waterings Expect to water more often in brighter light and less often in lower light.<br />\r\n&nbsp;</p>", "price": "2800", "available": true, "created": "2021-06-30T04:29:03.428Z", "updated": "2021-06-30T21:19:06.471Z", "product_code": "CIP P002 B0"}}, {"model": "store.product", "pk": 30, "fields": {"category": 23, "name": "Money plant (Large) - Wall Mount - Timber Frame", "slug": "money-plant-large-wall-mount-timber-frame", "list_image": "products/2021/06/30/Picture10_iGZxSrd.jpg", "image": "products/2021/06/30/Picture10.jpg", "description": "<p>Cokedama Money plant- Hanging Type- Long length with &nbsp;timber frame&nbsp;&nbsp; &nbsp;</p>\r\n\r\n<p>Length of plant approx. 24&rdquo;, ball diameter approx. 6&rdquo;, Frame size - 12&quot; x 12&quot; x 3&quot;&nbsp;&nbsp; &nbsp;</p>\r\n\r\n<p>Plant type - Goldon pothos-Low maintenance indoor plant.Water: Keep soil moist, but be careful not to overwater. &nbsp;Pothos do best when their soil is allowed to dry out between waterings Expect to water more often in brighter light and less often in lower light.<br />\r\n&nbsp;</p>", "price": "3000", "available": true, "created": "2021-06-30T04:30:22.067Z", "updated": "2021-06-30T21:18:53.738Z", "product_code": "CIP P002 C0"}}, {"model": "store.product", "pk": 31, "fields": {"category": 23, "name": "Money Plant (Large) - Wall Mount", "slug": "money-plant-large-wall-mount", "list_image": "products/2021/06/30/Picture11_fMxR3Fy.jpg", "image": "products/2021/06/30/Picture11.jpg", "description": "<p>Cokedama Money plant- Hanging Type- Long length only the plant ball&nbsp;&nbsp; &nbsp;</p>\r\n\r\n<p>Length of plant approx. 24&rdquo;, ball diameter approx. 6&rdquo;, &nbsp;&nbsp; &nbsp;</p>\r\n\r\n<p>Plant type - Goldon pothos-Low maintenance indoor plant.Water: Keep soil moist, but be careful not to overwater. &nbsp;Pothos do best when their soil is allowed to dry out between waterings Expect to water more often in brighter light and less often in lower light.<br />\r\n&nbsp;</p>", "price": "1500", "available": true, "created": "2021-06-30T04:31:47.645Z", "updated": "2021-06-30T21:18:25.441Z", "product_code": "CIP P002 C"}}, {"model": "store.product", "pk": 32, "fields": {"category": 23, "name": "Money Plant (Large Leaves)", "slug": "money-plant-large-leaves", "list_image": "products/2021/06/30/Picture12_iB6TK9u.jpg", "image": "products/2021/06/30/Picture12.jpg", "description": "<p>Cokedama Money plant- Larger leaves- only the plant ball&nbsp;&nbsp; &nbsp;</p>\r\n\r\n<p>3 or 4 large leaves , height approx. 1&#39; , &nbsp;ball diameter approx. 6&rdquo;, &nbsp;&nbsp; &nbsp;</p>\r\n\r\n<p>Plant type - Goldon pothos-Low maintenance indoor plant.Water: Keep soil moist, but be careful not to overwater. &nbsp;Pothos do best when their soil is allowed to dry out between waterings Expect to water more often in brighter light and less often in lower light.<br />\r\n&nbsp;</p>", "price": "2000", "available": true, "created": "2021-06-30T04:32:56.428Z", "updated": "2021-06-30T21:18:15.006Z", "product_code": "CIP P002 D"}}, {"model": "store.product", "pk": 33, "fields": {"category": 24, "name": "Aglaonema Creta Plant", "slug": "aglaonema-creta-plant", "list_image": "products/2021/06/30/Picture13_nbV4WjH.jpg", "image": "products/2021/06/30/Picture13_WN1qRLk.jpg", "description": "<p>Cokedama Aglaonema Creta - only the plant ball&nbsp;&nbsp;</p>\r\n\r\n<p>&nbsp;height with plant approx. 1&rsquo; , ball diameter approx. 4&quot;<br />\r\n&nbsp;</p>", "price": "2000", "available": true, "created": "2021-06-30T04:33:54.509Z", "updated": "2021-06-30T21:16:40.867Z", "product_code": "CIP P003 D"}}, {"model": "orders.order", "pk": 1, "fields": {"first_name": "Aditi", "last_name": "Memani", "email": "amemani@scarletmail.rutgers.edu", "address": "16 Yale Ct.", "postal_code": "07039", "city": "Livingston", "created": "2021-06-30T16:10:23.811Z", "updated": "2021-06-30T16:10:23.811Z", "paid": false, "billed": false, "mailed": false, "delivered": false}}, {"model": "orders.order", "pk": 2, "fields": {"first_name": "aditi", "last_name": "memani", "email": "aditimemani.ufl@gmail.com", "address": "16 yale ct.", "postal_code": "07039", "city": "livingston", "created": "2021-06-30T22:48:42.303Z", "updated": "2021-06-30T22:48:42.303Z", "paid": false, "billed": false, "mailed": false, "delivered": false}}, {"model": "orders.orderitem", "pk": 1, "fields": {"order": 1, "product": 11, "price": "1000.00", "quantity": 1}}, {"model": "orders.orderitem", "pk": 2, "fields": {"order": 2, "product": 11, "price": "1000.00", "quantity": 1}}, {"model": "website.project", "pk": 1, "fields": {"name": "Project 1", "project_summary": "Project 1 Summary", "slug": "project-1", "image1": "past_projects/2021/06/28/144276722_111983857534525_3981635278524332943_n.jpg", "image2": "past_projects/2021/06/28/142623769_111355257597385_6859233910102440989_n.jpg", "image3": "past_projects/2021/06/28/144276722_111983857534525_3981635278524332943_n_wVO74Ks.jpg", "image4": "past_projects/2021/06/28/142623769_111355257597385_6859233910102440989_n_sqvijBX.jpg", "description": "<p>Project 1 Description</p>", "client_name": "Project 1 Client"}}, {"model": "website.project", "pk": 2, "fields": {"name": "Project 2", "project_summary": "Project 2 Summary", "slug": "project-2", "image1": "past_projects/2021/06/28/152394863_117398696993041_5998665991486393457_n.jpg", "image2": "past_projects/2021/06/28/150568165_115535600512684_2136553342109683211_n.jpg", "image3": "past_projects/2021/06/28/152394863_117398696993041_5998665991486393457_n_eWMiCI9.jpg", "image4": "past_projects/2021/06/28/155360871_119855110080733_7705023768216156744_n.jpg", "description": "<p>Project 2 Description</p>", "client_name": "Project 2 Client"}}, {"model": "website.project", "pk": 3, "fields": {"name": "Project 3", "project_summary": "Project 3 Summary", "slug": "project-3", "image1": "past_projects/2021/06/28/155512882_120592263340351_2900157238163102914_n.jpg", "image2": "past_projects/2021/06/28/157304545_121771456555765_6265996183714952358_n.jpg", "image3": "past_projects/2021/06/28/159900814_126547502744827_95963738270270621_n.jpg", "image4": "past_projects/2021/06/28/144276722_111983857534525_3981635278524332943_n_6x2U2lb.jpg", "description": "<p>Project 3 Description</p>", "client_name": "Project 3 Client"}}, {"model": "website.project", "pk": 4, "fields": {"name": "Project 4", "project_summary": "Lorem Ipsum is simply dummy text of the printing and typesetting industry.", "slug": "project-4", "image1": "past_projects/2021/06/29/184735333_160936235972620_7636970895956306596_n.jpg", "image2": "past_projects/2021/06/29/155360871_119855110080733_7705023768216156744_n.jpg", "image3": "past_projects/2021/06/29/142623769_111355257597385_6859233910102440989_n.jpg", "image4": "past_projects/2021/06/29/144276722_111983857534525_3981635278524332943_n.jpg", "description": "<p>&nbsp;Lorem Ipsum has been the industry&#39;s standard dummy text ever since the 1500s, when an unknown printer took a galley of type and scrambled it to make a type specimen book. It has survived not only five centuries, but also the leap into electronic typesetting, remaining essentially unchanged. It was popularised in the 1960s with the release of Letraset sheets containing Lorem Ipsum passages, and more recently with desktop publishing software like Aldus PageMaker including versions of Lorem Ipsum.</p>", "client_name": "Project 4 Client"}}, {"model": "website.project", "pk": 5, "fields": {"name": "Project 5", "project_summary": "Lorem Ipsum is simply dummy text of the printing and typesetting industry.", "slug": "project-5", "image1": "past_projects/2021/06/30/money_plant.jpg", "image2": "past_projects/2021/06/29/144950805_112706944128883_5672495621133882173_n.jpg", "image3": "past_projects/2021/06/29/147182944_114671643932413_8199814909052153983_n.jpg", "image4": "past_projects/2021/06/29/155512882_120592263340351_2900157238163102914_n.jpg", "description": "<p>Lorem Ipsum has been the industry&#39;s standard dummy text ever since the 1500s, when an unknown printer took a galley of type and scrambled it to make a type specimen book. It has survived not only five centuries, but also the leap into electronic typesetting, remaining essentially unchanged. It was popularised in the 1960s with the release of Letraset sheets containing Lorem Ipsum passages, and more recently with desktop publishing software like Aldus PageMaker including versions of Lorem Ipsum.</p>", "client_name": "Project 5 Client"}}, {"model": "website.project", "pk": 6, "fields": {"name": "Project 6", "project_summary": "Lorem Ipsum is simply dummy text of the printing and typesetting industry.", "slug": "project-6", "image1": "past_projects/2021/06/30/jewleryholder1.jpg", "image2": "past_projects/2021/06/30/159900814_126547502744827_95963738270270621_n.jpg", "image3": "past_projects/2021/06/30/172449791_146320217434222_7327918963909134085_n.jpg", "image4": "past_projects/2021/06/30/176379005_148656000533977_590105646195759968_n.jpg", "description": "<p>Lorem Ipsum has been the industry&#39;s standard dummy text ever since the 1500s, when an unknown printer took a galley of type and scrambled it to make a type specimen book. It has survived not only five centuries, but also the leap into electronic typesetting, remaining essentially unchanged. It was popularised in the 1960s with the release of Letraset sheets containing Lorem Ipsum passages, and more recently with desktop publishing software like Aldus PageMaker including versions of Lorem Ipsum.</p>", "client_name": "Project 6 Client"}}, {"model": "website.tree", "pk": 9, "fields": {"name": "Fiddle-Leaf Fig Tree", "scientific_name": "Ficus Lyrata", "benefits": "<p>The broad, violin-shaped&nbsp;<strong>leaves</strong>&nbsp;make it a highly efficient air purifying&nbsp;<strong>plant</strong></p>", "slug": "fiddle-leaf-fig-tree", "list_image": "trees/2021/06/30/21NOTED2-articleLarge-v2_McBUGKP.jpg", "image1": "trees/2021/06/30/21NOTED2-articleLarge-v2.jpg", "image2": "trees/2021/06/30/fiddle-leaf-fig-tree-ikea.png", "image3": "", "image4": "", "description": "<p>This shrub boasts a long, elegant stem and branches with broad, leathery leaves. For placement, Schrader suggests &ldquo;under a skylight or next to a window.&rdquo; In other words, it needs as much sun as possible. Schrader suggests pruning the top branches when it grows above the window frame.</p>", "care": "<p>Water once a week, or more if it&rsquo;s winter and the air in your home is dry.</p>"}}, {"model": "website.tree", "pk": 10, "fields": {"name": "Split-Leaf Philodendron", "scientific_name": "Monstera Deliciosa", "benefits": "", "slug": "split-leaf-philodendron", "list_image": "trees/2021/06/30/monster_xIcaYBx.jpg", "image1": "trees/2021/06/30/monster.jpg", "image2": "", "image3": "", "image4": "", "description": "<p>Favored by Henri Matisse, this plant has a distinctive leaf that looks as though it&rsquo;s been gently cut into by a careful hand. Schrader says you can cut off the top&mdash;as long as it has air roots attached&mdash;and replant it, meaning if you buy one of these, you could easily have more, if you&rsquo;d like.</p>", "care": "<p>Water once a week.</p>"}}, {"model": "website.tree", "pk": 11, "fields": {"name": "Meyer Lemon Tree", "scientific_name": "Citrus X Meyeri", "benefits": "", "slug": "meyer-lemon-tree", "list_image": "trees/2021/06/30/lemon_qe94ji6.jpg", "image1": "trees/2021/06/30/lemon.jpg", "image2": "", "image3": "", "image4": "", "description": "<p>This tree bears its namesake Meyer lemons, believed to be a hybrid of lemons and mandarin oranges with a subtler, sweeter flavor than lemons. But these trees don&rsquo;t stop at fruits: &ldquo;When they bloom you have this beautiful fragrance of citrus flowers,&rdquo; says Schrader. Meyer lemon trees do well indoors as long as they have lots of sun.</p>", "care": "<p>Water weekly.</p>"}}, {"model": "website.tree", "pk": 12, "fields": {"name": "Kentia Palm", "scientific_name": "Howea Forsteriana", "benefits": "", "slug": "kentia-palm", "list_image": "trees/2021/06/30/kentia_OfYj1cz.jpg", "image1": "trees/2021/06/30/kentia.jpg", "image2": "", "image3": "", "image4": "", "description": "<p>The fronds of this plant spring to great heights from the soil, then lean forward, quietly shading the ground beneath. &ldquo;It looks great in a big urn,&rdquo; says Schrader, noting that it should be given lots of space, as it can grow up to 10 feet with a broad reach.</p>", "care": "<p>Requires medium to bright light; water weekly.</p>"}}, {"model": "website.tree", "pk": 13, "fields": {"name": "Castiron Plant", "scientific_name": "Aspidistra Elatior", "benefits": "<p>Clean Air. Another advantage to the&nbsp;<strong>cast iron plant</strong>&nbsp;is its ability to improve air quality. An extensive study by NASA proved that indoor&nbsp;<strong>plants</strong>&nbsp;can absorb harmful chemicals such as benzene and formaldehyde found in office complexes and homes.</p>", "slug": "castiron-plant", "list_image": "trees/2021/06/30/grow-cast-iron-plants-aspidistra-1902740-7-b73a4e6f33a84b04aba7303169f4_LIelLBz.jpg", "image1": "trees/2021/06/30/grow-cast-iron-plants-aspidistra-1902740-7-b73a4e6f33a84b04aba7303169f4cb9e.jpg", "image2": "trees/2021/06/30/23771162095_1a01996b66_b.jpg", "image3": "", "image4": "", "description": "<p>Schrader says this plant is &ldquo;mostly for foliage,&rdquo; meaning if you&rsquo;re looking to add a lush, dark green plant to your space, this one is for you. It does well in medium to low light and is tolerant of neglect, so it&rsquo;s fine if you forget to water it once in a while</p>", "care": "<p>Water once a week or every ten days.</p>"}}, {"model": "website.tree", "pk": 14, "fields": {"name": "Amazon Lily", "scientific_name": "Eucharis Amazonica", "benefits": "<p>They make a fantastic container plant, with its dark green leaves and shade loving.</p>", "slug": "amazon-lily", "list_image": "trees/2021/06/30/amazon_0oYTPmg.jpg", "image1": "trees/2021/06/30/amazon.jpg", "image2": "trees/2021/06/30/amazon1.jpg", "image3": "trees/2021/06/30/amazon-lily.jpg", "image4": "", "description": "<p>Another dark green plant, but this one features large, white flowers that bloom throughout winter and early spring. &ldquo;Even when it&rsquo;s not blooming, it&rsquo;s nice to look at,&rdquo; Schrader says. It thrives in medium light; allow soil to dry between watering.</p>", "care": "<p>The leaves will wilt when it needs water, but once a week should suffice.</p>"}}, {"model": "website.tree", "pk": 15, "fields": {"name": "Snake Plant", "scientific_name": "Sansevieria Trifasciata", "benefits": "", "slug": "snake-plant", "list_image": "trees/2021/06/30/snake_bQNLl9D.jpg", "image1": "trees/2021/06/30/snake.jpg", "image2": "", "image3": "", "image4": "", "description": "<p>With sword-shaped leaves winding gently from the soil like charmed snakes from a basket, this indoor house plant strikes a lovely balance between order and chaos.</p>", "care": "<p>Place anywhere you&rsquo;d like and let the soil dry completely between watering. Check the soil every week, but it&rsquo;s fine to skip a few.</p>"}}, {"model": "website.tree", "pk": 16, "fields": {"name": "African Spear Plant", "scientific_name": "Sansevieria Cylindrica", "benefits": "<p>Known for both looking good and improving air quality.</p>", "slug": "african-spear-plant", "list_image": "trees/2021/06/30/african_spear_l2QxUzP.jpeg", "image1": "trees/2021/06/30/african_spear.jpeg", "image2": "trees/2021/06/30/african2.png", "image3": "trees/2021/06/30/Untitled-27.jpg", "image4": "", "description": "<p>Indeed, this plant&rsquo;s conical leaves conjure images of spires, obelisks, and skyscrapers.</p>", "care": "<p>Place in any light you choose; water every few weeks.</p>"}}, {"model": "admin.logentry", "pk": 1, "fields": {"action_time": "2021-06-23T13:13:00.360Z", "user": ["admin"], "content_type": ["store", "category"], "object_id": "1", "object_repr": "Snake Plants", "action_flag": 1, "change_message": "[{\"added\": {}}]"}}, {"model": "admin.logentry", "pk": 2, "fields": {"action_time": "2021-06-23T13:13:35.821Z", "user": ["admin"], "content_type": ["store", "product"], "object_id": "1", "object_repr": "Snake Plant ( Small) - Stone Stand", "action_flag": 1, "change_message": "[{\"added\": {}}]"}}, {"model": "admin.logentry", "pk": 3, "fields": {"action_time": "2021-06-26T02:59:27.622Z", "user": ["admin"], "content_type": ["orders", "order"], "object_id": "1", "object_repr": "Order 1", "action_flag": 3, "change_message": ""}}, {"model": "admin.logentry", "pk": 4, "fields": {"action_time": "2021-06-26T03:03:51.845Z", "user": ["admin"], "content_type": ["orders", "order"], "object_id": "1", "object_repr": "Order 1", "action_flag": 2, "change_message": "[]"}}, {"model": "admin.logentry", "pk": 5, "fields": {"action_time": "2021-06-26T03:06:18.703Z", "user": ["admin"], "content_type": ["orders", "order"], "object_id": "1", "object_repr": "Order 1", "action_flag": 3, "change_message": ""}}, {"model": "admin.logentry", "pk": 6, "fields": {"action_time": "2021-06-29T00:07:40.197Z", "user": ["admin"], "content_type": ["website", "project"], "object_id": "1", "object_repr": "TestProject1", "action_flag": 1, "change_message": "[{\"added\": {}}]"}}, {"model": "admin.logentry", "pk": 7, "fields": {"action_time": "2021-06-29T00:10:12.158Z", "user": ["admin"], "content_type": ["website", "tree"], "object_id": "1", "object_repr": "Money Plant", "action_flag": 1, "change_message": "[{\"added\": {}}]"}}, {"model": "admin.logentry", "pk": 8, "fields": {"action_time": "2021-06-29T00:34:19.917Z", "user": ["admin"], "content_type": ["store", "product"], "object_id": "1", "object_repr": "Snake Plant ( Small) - Stone Stand", "action_flag": 3, "change_message": ""}}, {"model": "admin.logentry", "pk": 9, "fields": {"action_time": "2021-06-29T00:34:25.578Z", "user": ["admin"], "content_type": ["store", "category"], "object_id": "1", "object_repr": "Snake Plants", "action_flag": 3, "change_message": ""}}, {"model": "admin.logentry", "pk": 10, "fields": {"action_time": "2021-06-29T00:34:32.475Z", "user": ["admin"], "content_type": ["website", "project"], "object_id": "1", "object_repr": "TestProject1", "action_flag": 3, "change_message": ""}}, {"model": "admin.logentry", "pk": 11, "fields": {"action_time": "2021-06-29T00:34:38.322Z", "user": ["admin"], "content_type": ["website", "tree"], "object_id": "1", "object_repr": "Money Plant", "action_flag": 3, "change_message": ""}}, {"model": "admin.logentry", "pk": 12, "fields": {"action_time": "2021-06-29T00:39:19.765Z", "user": ["admin"], "content_type": ["store", "category"], "object_id": "2", "object_repr": "Snake Plants", "action_flag": 1, "change_message": "[{\"added\": {}}]"}}, {"model": "admin.logentry", "pk": 13, "fields": {"action_time": "2021-06-29T01:09:27.312Z", "user": ["admin"], "content_type": ["store", "category"], "object_id": "3", "object_repr": "Kokedama Plants", "action_flag": 1, "change_message": "[{\"added\": {}}]"}}, {"model": "admin.logentry", "pk": 14, "fields": {"action_time": "2021-06-29T01:09:46.622Z", "user": ["admin"], "content_type": ["store", "category"], "object_id": "4", "object_repr": "Cokedama String Garden", "action_flag": 1, "change_message": "[{\"added\": {}}]"}}, {"model": "admin.logentry", "pk": 15, "fields": {"action_time": "2021-06-29T01:10:24.174Z", "user": ["admin"], "content_type": ["store", "category"], "object_id": "5", "object_repr": "Decayed Wood Plant Arrangements", "action_flag": 1, "change_message": "[{\"added\": {}}]"}}, {"model": "admin.logentry", "pk": 16, "fields": {"action_time": "2021-06-29T01:10:39.143Z", "user": ["admin"], "content_type": ["store", "category"], "object_id": "6", "object_repr": "Terrariums", "action_flag": 1, "change_message": "[{\"added\": {}}]"}}, {"model": "admin.logentry", "pk": 17, "fields": {"action_time": "2021-06-29T01:10:51.139Z", "user": ["admin"], "content_type": ["store", "category"], "object_id": "7", "object_repr": "Plant Art", "action_flag": 1, "change_message": "[{\"added\": {}}]"}}, {"model": "admin.logentry", "pk": 18, "fields": {"action_time": "2021-06-29T01:11:08.763Z", "user": ["admin"], "content_type": ["store", "category"], "object_id": "8", "object_repr": "Painted Clay Pots", "action_flag": 1, "change_message": "[{\"added\": {}}]"}}, {"model": "admin.logentry", "pk": 19, "fields": {"action_time": "2021-06-29T01:11:24.971Z", "user": ["admin"], "content_type": ["store", "category"], "object_id": "9", "object_repr": "Painted Cement Pots", "action_flag": 1, "change_message": "[{\"added\": {}}]"}}, {"model": "admin.logentry", "pk": 20, "fields": {"action_time": "2021-06-29T01:11:39.045Z", "user": ["admin"], "content_type": ["store", "category"], "object_id": "10", "object_repr": "Cloth Planters", "action_flag": 1, "change_message": "[{\"added\": {}}]"}}, {"model": "admin.logentry", "pk": 21, "fields": {"action_time": "2021-06-29T01:11:49.025Z", "user": ["admin"], "content_type": ["store", "category"], "object_id": "11", "object_repr": "Crate Planters", "action_flag": 1, "change_message": "[{\"added\": {}}]"}}, {"model": "admin.logentry", "pk": 22, "fields": {"action_time": "2021-06-29T01:12:33.499Z", "user": ["admin"], "content_type": ["store", "category"], "object_id": "12", "object_repr": "Coconut Shell Planters", "action_flag": 1, "change_message": "[{\"added\": {}}]"}}, {"model": "admin.logentry", "pk": 23, "fields": {"action_time": "2021-06-29T01:12:47.474Z", "user": ["admin"], "content_type": ["store", "category"], "object_id": "13", "object_repr": "Bamboo Pots and Planters", "action_flag": 1, "change_message": "[{\"added\": {}}]"}}, {"model": "admin.logentry", "pk": 24, "fields": {"action_time": "2021-06-29T01:13:00.233Z", "user": ["admin"], "content_type": ["store", "category"], "object_id": "14", "object_repr": "Plastic Bottle Planters", "action_flag": 1, "change_message": "[{\"added\": {}}]"}}, {"model": "admin.logentry", "pk": 25, "fields": {"action_time": "2021-06-29T01:13:19.047Z", "user": ["admin"], "content_type": ["store", "category"], "object_id": "15", "object_repr": "Glass Bottle Planters", "action_flag": 1, "change_message": "[{\"added\": {}}]"}}, {"model": "admin.logentry", "pk": 26, "fields": {"action_time": "2021-06-29T01:13:34.478Z", "user": ["admin"], "content_type": ["store", "category"], "object_id": "16", "object_repr": "Tyre Planters", "action_flag": 1, "change_message": "[{\"added\": {}}]"}}, {"model": "admin.logentry", "pk": 27, "fields": {"action_time": "2021-06-29T01:13:51.795Z", "user": ["admin"], "content_type": ["store", "category"], "object_id": "17", "object_repr": "Plant Themed Photo Frames", "action_flag": 1, "change_message": "[{\"added\": {}}]"}}, {"model": "admin.logentry", "pk": 28, "fields": {"action_time": "2021-06-29T01:14:14.255Z", "user": ["admin"], "content_type": ["store", "category"], "object_id": "18", "object_repr": "Plant Themed Greeting Cards", "action_flag": 1, "change_message": "[{\"added\": {}}]"}}, {"model": "admin.logentry", "pk": 29, "fields": {"action_time": "2021-06-29T01:14:36.040Z", "user": ["admin"], "content_type": ["store", "category"], "object_id": "19", "object_repr": "Plant Themed Jewelry", "action_flag": 1, "change_message": "[{\"added\": {}}]"}}, {"model": "admin.logentry", "pk": 30, "fields": {"action_time": "2021-06-29T01:14:53.395Z", "user": ["admin"], "content_type": ["store", "category"], "object_id": "20", "object_repr": "Plant Themed Jewelry Holders", "action_flag": 1, "change_message": "[{\"added\": {}}]"}}, {"model": "admin.logentry", "pk": 31, "fields": {"action_time": "2021-06-29T01:15:20.231Z", "user": ["admin"], "content_type": ["store", "category"], "object_id": "21", "object_repr": "Plant Themed Paintings", "action_flag": 1, "change_message": "[{\"added\": {}}]"}}, {"model": "admin.logentry", "pk": 32, "fields": {"action_time": "2021-06-29T01:15:29.280Z", "user": ["admin"], "content_type": ["store", "category"], "object_id": "22", "object_repr": "Plant Themed String Art", "action_flag": 1, "change_message": "[{\"added\": {}}]"}}, {"model": "admin.logentry", "pk": 33, "fields": {"action_time": "2021-06-29T01:26:59.539Z", "user": ["admin"], "content_type": ["store", "product"], "object_id": "1", "object_repr": "Bamboo Pots and Planters - Option 1", "action_flag": 1, "change_message": "[{\"added\": {}}]"}}, {"model": "admin.logentry", "pk": 34, "fields": {"action_time": "2021-06-29T01:27:39.495Z", "user": ["admin"], "content_type": ["store", "product"], "object_id": "2", "object_repr": "Cloth Planters - Option 1", "action_flag": 1, "change_message": "[{\"added\": {}}]"}}, {"model": "admin.logentry", "pk": 35, "fields": {"action_time": "2021-06-29T01:28:06.903Z", "user": ["admin"], "content_type": ["store", "product"], "object_id": "3", "object_repr": "Coconut Shell Planters", "action_flag": 1, "change_message": "[{\"added\": {}}]"}}, {"model": "admin.logentry", "pk": 36, "fields": {"action_time": "2021-06-29T01:28:36.107Z", "user": ["admin"], "content_type": ["store", "product"], "object_id": "4", "object_repr": "Cokedama String Garden", "action_flag": 1, "change_message": "[{\"added\": {}}]"}}, {"model": "admin.logentry", "pk": 37, "fields": {"action_time": "2021-06-29T01:29:03.492Z", "user": ["admin"], "content_type": ["store", "product"], "object_id": "5", "object_repr": "Crate Planters", "action_flag": 1, "change_message": "[{\"added\": {}}]"}}, {"model": "admin.logentry", "pk": 38, "fields": {"action_time": "2021-06-29T01:29:27.876Z", "user": ["admin"], "content_type": ["store", "product"], "object_id": "6", "object_repr": "Decayed Wood Plant Arrangements", "action_flag": 1, "change_message": "[{\"added\": {}}]"}}, {"model": "admin.logentry", "pk": 39, "fields": {"action_time": "2021-06-29T01:30:00.115Z", "user": ["admin"], "content_type": ["store", "product"], "object_id": "7", "object_repr": "Glass Bottle Planters", "action_flag": 1, "change_message": "[{\"added\": {}}]"}}, {"model": "admin.logentry", "pk": 40, "fields": {"action_time": "2021-06-29T01:30:36.636Z", "user": ["admin"], "content_type": ["store", "product"], "object_id": "8", "object_repr": "Painted Cement Pots", "action_flag": 1, "change_message": "[{\"added\": {}}]"}}, {"model": "admin.logentry", "pk": 41, "fields": {"action_time": "2021-06-29T01:31:06.606Z", "user": ["admin"], "content_type": ["store", "product"], "object_id": "9", "object_repr": "Painted Clay Pots", "action_flag": 1, "change_message": "[{\"added\": {}}]"}}, {"model": "admin.logentry", "pk": 42, "fields": {"action_time": "2021-06-29T01:31:36.086Z", "user": ["admin"], "content_type": ["store", "product"], "object_id": "10", "object_repr": "Plant Art", "action_flag": 1, "change_message": "[{\"added\": {}}]"}}, {"model": "admin.logentry", "pk": 43, "fields": {"action_time": "2021-06-29T01:32:07.518Z", "user": ["admin"], "content_type": ["store", "product"], "object_id": "11", "object_repr": "Plant Themed Greeting Cards", "action_flag": 1, "change_message": "[{\"added\": {}}]"}}, {"model": "admin.logentry", "pk": 44, "fields": {"action_time": "2021-06-29T01:32:36.555Z", "user": ["admin"], "content_type": ["store", "product"], "object_id": "12", "object_repr": "Plant Themed Jewelry", "action_flag": 1, "change_message": "[{\"added\": {}}]"}}, {"model": "admin.logentry", "pk": 45, "fields": {"action_time": "2021-06-29T01:33:07.611Z", "user": ["admin"], "content_type": ["store", "product"], "object_id": "13", "object_repr": "Plant Themed Jewelry Holders", "action_flag": 1, "change_message": "[{\"added\": {}}]"}}, {"model": "admin.logentry", "pk": 46, "fields": {"action_time": "2021-06-29T01:34:05.973Z", "user": ["admin"], "content_type": ["store", "product"], "object_id": "14", "object_repr": "Plant Themed Painting1", "action_flag": 1, "change_message": "[{\"added\": {}}]"}}, {"model": "admin.logentry", "pk": 47, "fields": {"action_time": "2021-06-29T01:34:52.060Z", "user": ["admin"], "content_type": ["store", "product"], "object_id": "15", "object_repr": "Plant Themed Photo Frames", "action_flag": 1, "change_message": "[{\"added\": {}}]"}}, {"model": "admin.logentry", "pk": 48, "fields": {"action_time": "2021-06-29T01:35:35.586Z", "user": ["admin"], "content_type": ["store", "product"], "object_id": "16", "object_repr": "Plant Themed String Art", "action_flag": 1, "change_message": "[{\"added\": {}}]"}}, {"model": "admin.logentry", "pk": 49, "fields": {"action_time": "2021-06-29T01:36:09.992Z", "user": ["admin"], "content_type": ["store", "product"], "object_id": "17", "object_repr": "Plastic Bottle Planters", "action_flag": 1, "change_message": "[{\"added\": {}}]"}}, {"model": "admin.logentry", "pk": 50, "fields": {"action_time": "2021-06-29T01:36:56.670Z", "user": ["admin"], "content_type": ["store", "product"], "object_id": "18", "object_repr": "Terrarium 1", "action_flag": 1, "change_message": "[{\"added\": {}}]"}}, {"model": "admin.logentry", "pk": 51, "fields": {"action_time": "2021-06-29T01:37:28.033Z", "user": ["admin"], "content_type": ["store", "product"], "object_id": "19", "object_repr": "Terrarium 2", "action_flag": 1, "change_message": "[{\"added\": {}}]"}}, {"model": "admin.logentry", "pk": 52, "fields": {"action_time": "2021-06-29T01:37:58.718Z", "user": ["admin"], "content_type": ["store", "product"], "object_id": "20", "object_repr": "Tyre Planter", "action_flag": 1, "change_message": "[{\"added\": {}}]"}}, {"model": "admin.logentry", "pk": 53, "fields": {"action_time": "2021-06-29T02:35:06.574Z", "user": ["admin"], "content_type": ["website", "project"], "object_id": "1", "object_repr": "Project 1", "action_flag": 1, "change_message": "[{\"added\": {}}]"}}, {"model": "admin.logentry", "pk": 54, "fields": {"action_time": "2021-06-29T02:36:12Z", "user": ["admin"], "content_type": ["website", "project"], "object_id": "2", "object_repr": "Project 2", "action_flag": 1, "change_message": "[{\"added\": {}}]"}}, {"model": "admin.logentry", "pk": 55, "fields": {"action_time": "2021-06-29T02:37:06.709Z", "user": ["admin"], "content_type": ["website", "project"], "object_id": "3", "object_repr": "Project 3", "action_flag": 1, "change_message": "[{\"added\": {}}]"}}, {"model": "admin.logentry", "pk": 56, "fields": {"action_time": "2021-06-29T02:40:19.730Z", "user": ["admin"], "content_type": ["website", "tree"], "object_id": "1", "object_repr": "Tree 1", "action_flag": 1, "change_message": "[{\"added\": {}}]"}}, {"model": "admin.logentry", "pk": 57, "fields": {"action_time": "2021-06-30T03:21:13.595Z", "user": ["admin"], "content_type": ["store", "category"], "object_id": "23", "object_repr": "Decorative Planters", "action_flag": 1, "change_message": "[{\"added\": {}}]"}}, {"model": "admin.logentry", "pk": 58, "fields": {"action_time": "2021-06-30T03:21:21.535Z", "user": ["admin"], "content_type": ["store", "category"], "object_id": "13", "object_repr": "Decorative Planters -> Bamboo Pots and Planters", "action_flag": 2, "change_message": "[{\"changed\": {\"fields\": [\"Parent\"]}}]"}}, {"model": "admin.logentry", "pk": 59, "fields": {"action_time": "2021-06-30T03:21:34.033Z", "user": ["admin"], "content_type": ["store", "category"], "object_id": "10", "object_repr": "Decorative Planters -> Cloth Planters", "action_flag": 2, "change_message": "[{\"changed\": {\"fields\": [\"Parent\"]}}]"}}, {"model": "admin.logentry", "pk": 60, "fields": {"action_time": "2021-06-30T03:21:41.703Z", "user": ["admin"], "content_type": ["store", "category"], "object_id": "12", "object_repr": "Decorative Planters -> Coconut Shell Planters", "action_flag": 2, "change_message": "[{\"changed\": {\"fields\": [\"Parent\"]}}]"}}, {"model": "admin.logentry", "pk": 61, "fields": {"action_time": "2021-06-30T03:22:10.355Z", "user": ["admin"], "content_type": ["store", "category"], "object_id": "4", "object_repr": "Kokedama Plants -> String Garden", "action_flag": 2, "change_message": "[{\"changed\": {\"fields\": [\"Name\", \"Slug\", \"Parent\"]}}]"}}, {"model": "admin.logentry", "pk": 62, "fields": {"action_time": "2021-06-30T03:22:29.236Z", "user": ["admin"], "content_type": ["store", "category"], "object_id": "11", "object_repr": "Decorative Planters -> Crate Planters", "action_flag": 2, "change_message": "[{\"changed\": {\"fields\": [\"Parent\"]}}]"}}, {"model": "admin.logentry", "pk": 63, "fields": {"action_time": "2021-06-30T03:22:40.518Z", "user": ["admin"], "content_type": ["store", "category"], "object_id": "15", "object_repr": "Decorative Planters -> Glass Bottle Planters", "action_flag": 2, "change_message": "[{\"changed\": {\"fields\": [\"Parent\"]}}]"}}, {"model": "admin.logentry", "pk": 64, "fields": {"action_time": "2021-06-30T03:22:49.637Z", "user": ["admin"], "content_type": ["store", "category"], "object_id": "9", "object_repr": "Decorative Pots -> Painted Cement Pots", "action_flag": 2, "change_message": "[{\"changed\": {\"fields\": [\"Parent\"]}}]"}}, {"model": "admin.logentry", "pk": 65, "fields": {"action_time": "2021-06-30T03:22:58.450Z", "user": ["admin"], "content_type": ["store", "category"], "object_id": "8", "object_repr": "Decorative Pots -> Painted Clay Pots", "action_flag": 2, "change_message": "[{\"changed\": {\"fields\": [\"Parent\"]}}]"}}, {"model": "admin.logentry", "pk": 66, "fields": {"action_time": "2021-06-30T03:23:17.195Z", "user": ["admin"], "content_type": ["store", "category"], "object_id": "24", "object_repr": "Plant Themed", "action_flag": 1, "change_message": "[{\"added\": {}}]"}}, {"model": "admin.logentry", "pk": 67, "fields": {"action_time": "2021-06-30T03:23:31.635Z", "user": ["admin"], "content_type": ["store", "category"], "object_id": "18", "object_repr": "Plant Themed -> Greeting Cards", "action_flag": 2, "change_message": "[{\"changed\": {\"fields\": [\"Name\", \"Parent\"]}}]"}}, {"model": "admin.logentry", "pk": 68, "fields": {"action_time": "2021-06-30T03:23:42.933Z", "user": ["admin"], "content_type": ["store", "category"], "object_id": "19", "object_repr": "Plant Themed -> Jewelry", "action_flag": 2, "change_message": "[{\"changed\": {\"fields\": [\"Name\", \"Parent\"]}}]"}}, {"model": "admin.logentry", "pk": 69, "fields": {"action_time": "2021-06-30T03:24:00.095Z", "user": ["admin"], "content_type": ["store", "category"], "object_id": "20", "object_repr": "Plant Themed -> Jewelry Holders", "action_flag": 2, "change_message": "[{\"changed\": {\"fields\": [\"Name\", \"Parent\"]}}]"}}, {"model": "admin.logentry", "pk": 70, "fields": {"action_time": "2021-06-30T03:24:21.998Z", "user": ["admin"], "content_type": ["store", "category"], "object_id": "21", "object_repr": "Plant Themed -> Paintings", "action_flag": 2, "change_message": "[{\"changed\": {\"fields\": [\"Name\", \"Parent\"]}}]"}}, {"model": "admin.logentry", "pk": 71, "fields": {"action_time": "2021-06-30T03:24:43.226Z", "user": ["admin"], "content_type": ["store", "category"], "object_id": "17", "object_repr": "Plant Themed -> Photo Frames", "action_flag": 2, "change_message": "[{\"changed\": {\"fields\": [\"Name\", \"Parent\"]}}]"}}, {"model": "admin.logentry", "pk": 72, "fields": {"action_time": "2021-06-30T03:24:56.525Z", "user": ["admin"], "content_type": ["store", "category"], "object_id": "22", "object_repr": "Plant Themed -> String Art", "action_flag": 2, "change_message": "[{\"changed\": {\"fields\": [\"Name\", \"Parent\"]}}]"}}, {"model": "admin.logentry", "pk": 73, "fields": {"action_time": "2021-06-30T03:25:11.519Z", "user": ["admin"], "content_type": ["store", "category"], "object_id": "14", "object_repr": "Decorative Planters -> Plastic Bottle Planters", "action_flag": 2, "change_message": "[{\"changed\": {\"fields\": [\"Parent\"]}}]"}}, {"model": "admin.logentry", "pk": 74, "fields": {"action_time": "2021-06-30T03:25:28.570Z", "user": ["admin"], "content_type": ["store", "category"], "object_id": "2", "object_repr": "Kokedama Plants -> Snake Plants", "action_flag": 2, "change_message": "[{\"changed\": {\"fields\": [\"Parent\"]}}]"}}, {"model": "admin.logentry", "pk": 75, "fields": {"action_time": "2021-06-30T03:25:41.257Z", "user": ["admin"], "content_type": ["store", "category"], "object_id": "16", "object_repr": "Decorative Planters -> Tyre Planters", "action_flag": 2, "change_message": "[{\"changed\": {\"fields\": [\"Parent\"]}}]"}}, {"model": "admin.logentry", "pk": 76, "fields": {"action_time": "2021-06-30T03:26:10.173Z", "user": ["admin"], "content_type": ["store", "category"], "object_id": "25", "object_repr": "Kokedama Plants -> Money Plant", "action_flag": 1, "change_message": "[{\"added\": {}}]"}}, {"model": "admin.logentry", "pk": 77, "fields": {"action_time": "2021-06-30T03:52:15.097Z", "user": ["admin"], "content_type": ["store", "product"], "object_id": "1", "object_repr": "Bamboo Pots and Planters - Option 1", "action_flag": 3, "change_message": ""}}, {"model": "admin.logentry", "pk": 78, "fields": {"action_time": "2021-06-30T03:52:15.112Z", "user": ["admin"], "content_type": ["store", "product"], "object_id": "2", "object_repr": "Cloth Planters - Option 1", "action_flag": 3, "change_message": ""}}, {"model": "admin.logentry", "pk": 79, "fields": {"action_time": "2021-06-30T03:52:15.128Z", "user": ["admin"], "content_type": ["store", "product"], "object_id": "3", "object_repr": "Coconut Shell Planters", "action_flag": 3, "change_message": ""}}, {"model": "admin.logentry", "pk": 80, "fields": {"action_time": "2021-06-30T03:52:15.142Z", "user": ["admin"], "content_type": ["store", "product"], "object_id": "4", "object_repr": "Cokedama String Garden", "action_flag": 3, "change_message": ""}}, {"model": "admin.logentry", "pk": 81, "fields": {"action_time": "2021-06-30T03:52:15.156Z", "user": ["admin"], "content_type": ["store", "product"], "object_id": "5", "object_repr": "Crate Planters", "action_flag": 3, "change_message": ""}}, {"model": "admin.logentry", "pk": 82, "fields": {"action_time": "2021-06-30T03:52:15.170Z", "user": ["admin"], "content_type": ["store", "product"], "object_id": "6", "object_repr": "Decayed Wood Plant Arrangements", "action_flag": 3, "change_message": ""}}, {"model": "admin.logentry", "pk": 83, "fields": {"action_time": "2021-06-30T03:52:15.186Z", "user": ["admin"], "content_type": ["store", "product"], "object_id": "7", "object_repr": "Glass Bottle Planters", "action_flag": 3, "change_message": ""}}, {"model": "admin.logentry", "pk": 84, "fields": {"action_time": "2021-06-30T03:52:15.202Z", "user": ["admin"], "content_type": ["store", "product"], "object_id": "8", "object_repr": "Painted Cement Pots", "action_flag": 3, "change_message": ""}}, {"model": "admin.logentry", "pk": 85, "fields": {"action_time": "2021-06-30T03:52:15.216Z", "user": ["admin"], "content_type": ["store", "product"], "object_id": "9", "object_repr": "Painted Clay Pots", "action_flag": 3, "change_message": ""}}, {"model": "admin.logentry", "pk": 86, "fields": {"action_time": "2021-06-30T03:52:15.233Z", "user": ["admin"], "content_type": ["store", "product"], "object_id": "10", "object_repr": "Plant Art", "action_flag": 3, "change_message": ""}}, {"model": "admin.logentry", "pk": 87, "fields": {"action_time": "2021-06-30T03:52:15.248Z", "user": ["admin"], "content_type": ["store", "product"], "object_id": "11", "object_repr": "Plant Themed Greeting Cards", "action_flag": 3, "change_message": ""}}, {"model": "admin.logentry", "pk": 88, "fields": {"action_time": "2021-06-30T03:52:15.262Z", "user": ["admin"], "content_type": ["store", "product"], "object_id": "12", "object_repr": "Plant Themed Jewelry", "action_flag": 3, "change_message": ""}}, {"model": "admin.logentry", "pk": 89, "fields": {"action_time": "2021-06-30T03:52:15.276Z", "user": ["admin"], "content_type": ["store", "product"], "object_id": "13", "object_repr": "Plant Themed Jewelry Holders", "action_flag": 3, "change_message": ""}}, {"model": "admin.logentry", "pk": 90, "fields": {"action_time": "2021-06-30T03:52:15.291Z", "user": ["admin"], "content_type": ["store", "product"], "object_id": "14", "object_repr": "Plant Themed Painting1", "action_flag": 3, "change_message": ""}}, {"model": "admin.logentry", "pk": 91, "fields": {"action_time": "2021-06-30T03:52:15.305Z", "user": ["admin"], "content_type": ["store", "product"], "object_id": "15", "object_repr": "Plant Themed Photo Frames", "action_flag": 3, "change_message": ""}}, {"model": "admin.logentry", "pk": 92, "fields": {"action_time": "2021-06-30T03:52:15.321Z", "user": ["admin"], "content_type": ["store", "product"], "object_id": "16", "object_repr": "Plant Themed String Art", "action_flag": 3, "change_message": ""}}, {"model": "admin.logentry", "pk": 93, "fields": {"action_time": "2021-06-30T03:52:15.340Z", "user": ["admin"], "content_type": ["store", "product"], "object_id": "17", "object_repr": "Plastic Bottle Planters", "action_flag": 3, "change_message": ""}}, {"model": "admin.logentry", "pk": 94, "fields": {"action_time": "2021-06-30T03:52:15.357Z", "user": ["admin"], "content_type": ["store", "product"], "object_id": "18", "object_repr": "Terrarium 1", "action_flag": 3, "change_message": ""}}, {"model": "admin.logentry", "pk": 95, "fields": {"action_time": "2021-06-30T03:52:15.373Z", "user": ["admin"], "content_type": ["store", "product"], "object_id": "19", "object_repr": "Terrarium 2", "action_flag": 3, "change_message": ""}}, {"model": "admin.logentry", "pk": 96, "fields": {"action_time": "2021-06-30T03:52:15.387Z", "user": ["admin"], "content_type": ["store", "product"], "object_id": "20", "object_repr": "Tyre Planter", "action_flag": 3, "change_message": ""}}, {"model": "admin.logentry", "pk": 97, "fields": {"action_time": "2021-06-30T03:52:29.024Z", "user": ["admin"], "content_type": ["store", "category"], "object_id": "13", "object_repr": "Category object (13)", "action_flag": 3, "change_message": ""}}, {"model": "admin.logentry", "pk": 98, "fields": {"action_time": "2021-06-30T03:52:29.039Z", "user": ["admin"], "content_type": ["store", "category"], "object_id": "10", "object_repr": "Category object (10)", "action_flag": 3, "change_message": ""}}, {"model": "admin.logentry", "pk": 99, "fields": {"action_time": "2021-06-30T03:52:29.053Z", "user": ["admin"], "content_type": ["store", "category"], "object_id": "12", "object_repr": "Category object (12)", "action_flag": 3, "change_message": ""}}, {"model": "admin.logentry", "pk": 100, "fields": {"action_time": "2021-06-30T03:52:29.066Z", "user": ["admin"], "content_type": ["store", "category"], "object_id": "11", "object_repr": "Category object (11)", "action_flag": 3, "change_message": ""}}, {"model": "admin.logentry", "pk": 101, "fields": {"action_time": "2021-06-30T03:52:29.082Z", "user": ["admin"], "content_type": ["store", "category"], "object_id": "5", "object_repr": "Category object (5)", "action_flag": 3, "change_message": ""}}, {"model": "admin.logentry", "pk": 102, "fields": {"action_time": "2021-06-30T03:52:29.097Z", "user": ["admin"], "content_type": ["store", "category"], "object_id": "23", "object_repr": "Category object (23)", "action_flag": 3, "change_message": ""}}, {"model": "admin.logentry", "pk": 103, "fields": {"action_time": "2021-06-30T03:52:29.112Z", "user": ["admin"], "content_type": ["store", "category"], "object_id": "1", "object_repr": "Category object (1)", "action_flag": 3, "change_message": ""}}, {"model": "admin.logentry", "pk": 104, "fields": {"action_time": "2021-06-30T03:52:29.126Z", "user": ["admin"], "content_type": ["store", "category"], "object_id": "15", "object_repr": "Category object (15)", "action_flag": 3, "change_message": ""}}, {"model": "admin.logentry", "pk": 105, "fields": {"action_time": "2021-06-30T03:52:29.140Z", "user": ["admin"], "content_type": ["store", "category"], "object_id": "18", "object_repr": "Category object (18)", "action_flag": 3, "change_message": ""}}, {"model": "admin.logentry", "pk": 106, "fields": {"action_time": "2021-06-30T03:52:29.154Z", "user": ["admin"], "content_type": ["store", "category"], "object_id": "19", "object_repr": "Category object (19)", "action_flag": 3, "change_message": ""}}, {"model": "admin.logentry", "pk": 107, "fields": {"action_time": "2021-06-30T03:52:29.169Z", "user": ["admin"], "content_type": ["store", "category"], "object_id": "20", "object_repr": "Category object (20)", "action_flag": 3, "change_message": ""}}, {"model": "admin.logentry", "pk": 108, "fields": {"action_time": "2021-06-30T03:52:29.183Z", "user": ["admin"], "content_type": ["store", "category"], "object_id": "3", "object_repr": "Category object (3)", "action_flag": 3, "change_message": ""}}, {"model": "admin.logentry", "pk": 109, "fields": {"action_time": "2021-06-30T03:52:29.196Z", "user": ["admin"], "content_type": ["store", "category"], "object_id": "25", "object_repr": "Category object (25)", "action_flag": 3, "change_message": ""}}, {"model": "admin.logentry", "pk": 110, "fields": {"action_time": "2021-06-30T03:52:29.211Z", "user": ["admin"], "content_type": ["store", "category"], "object_id": "9", "object_repr": "Category object (9)", "action_flag": 3, "change_message": ""}}, {"model": "admin.logentry", "pk": 111, "fields": {"action_time": "2021-06-30T03:52:29.225Z", "user": ["admin"], "content_type": ["store", "category"], "object_id": "8", "object_repr": "Category object (8)", "action_flag": 3, "change_message": ""}}, {"model": "admin.logentry", "pk": 112, "fields": {"action_time": "2021-06-30T03:52:29.239Z", "user": ["admin"], "content_type": ["store", "category"], "object_id": "21", "object_repr": "Category object (21)", "action_flag": 3, "change_message": ""}}, {"model": "admin.logentry", "pk": 113, "fields": {"action_time": "2021-06-30T03:52:29.255Z", "user": ["admin"], "content_type": ["store", "category"], "object_id": "17", "object_repr": "Category object (17)", "action_flag": 3, "change_message": ""}}, {"model": "admin.logentry", "pk": 114, "fields": {"action_time": "2021-06-30T03:52:29.267Z", "user": ["admin"], "content_type": ["store", "category"], "object_id": "7", "object_repr": "Category object (7)", "action_flag": 3, "change_message": ""}}, {"model": "admin.logentry", "pk": 115, "fields": {"action_time": "2021-06-30T03:52:29.282Z", "user": ["admin"], "content_type": ["store", "category"], "object_id": "24", "object_repr": "Category object (24)", "action_flag": 3, "change_message": ""}}, {"model": "admin.logentry", "pk": 116, "fields": {"action_time": "2021-06-30T03:52:29.296Z", "user": ["admin"], "content_type": ["store", "category"], "object_id": "14", "object_repr": "Category object (14)", "action_flag": 3, "change_message": ""}}, {"model": "admin.logentry", "pk": 117, "fields": {"action_time": "2021-06-30T03:52:29.310Z", "user": ["admin"], "content_type": ["store", "category"], "object_id": "2", "object_repr": "Category object (2)", "action_flag": 3, "change_message": ""}}, {"model": "admin.logentry", "pk": 118, "fields": {"action_time": "2021-06-30T03:52:29.323Z", "user": ["admin"], "content_type": ["store", "category"], "object_id": "22", "object_repr": "Category object (22)", "action_flag": 3, "change_message": ""}}, {"model": "admin.logentry", "pk": 119, "fields": {"action_time": "2021-06-30T03:52:29.338Z", "user": ["admin"], "content_type": ["store", "category"], "object_id": "4", "object_repr": "Category object (4)", "action_flag": 3, "change_message": ""}}, {"model": "admin.logentry", "pk": 120, "fields": {"action_time": "2021-06-30T03:52:29.350Z", "user": ["admin"], "content_type": ["store", "category"], "object_id": "6", "object_repr": "Category object (6)", "action_flag": 3, "change_message": ""}}, {"model": "admin.logentry", "pk": 121, "fields": {"action_time": "2021-06-30T03:52:29.368Z", "user": ["admin"], "content_type": ["store", "category"], "object_id": "16", "object_repr": "Category object (16)", "action_flag": 3, "change_message": ""}}, {"model": "admin.logentry", "pk": 122, "fields": {"action_time": "2021-06-30T03:58:56.031Z", "user": ["admin"], "content_type": ["website", "project"], "object_id": "4", "object_repr": "Project 4", "action_flag": 1, "change_message": "[{\"added\": {}}]"}}, {"model": "admin.logentry", "pk": 123, "fields": {"action_time": "2021-06-30T03:59:58.322Z", "user": ["admin"], "content_type": ["website", "project"], "object_id": "5", "object_repr": "Project 5", "action_flag": 1, "change_message": "[{\"added\": {}}]"}}, {"model": "admin.logentry", "pk": 124, "fields": {"action_time": "2021-06-30T04:01:00.402Z", "user": ["admin"], "content_type": ["website", "project"], "object_id": "6", "object_repr": "Project 6", "action_flag": 1, "change_message": "[{\"added\": {}}]"}}, {"model": "admin.logentry", "pk": 125, "fields": {"action_time": "2021-06-30T04:02:12.054Z", "user": ["admin"], "content_type": ["website", "tree"], "object_id": "2", "object_repr": "Tree 2", "action_flag": 1, "change_message": "[{\"added\": {}}]"}}, {"model": "admin.logentry", "pk": 126, "fields": {"action_time": "2021-06-30T04:03:18.323Z", "user": ["admin"], "content_type": ["website", "tree"], "object_id": "3", "object_repr": "Tree 3", "action_flag": 1, "change_message": "[{\"added\": {}}]"}}, {"model": "admin.logentry", "pk": 127, "fields": {"action_time": "2021-06-30T04:04:00.592Z", "user": ["admin"], "content_type": ["website", "tree"], "object_id": "4", "object_repr": "Tree 4", "action_flag": 1, "change_message": "[{\"added\": {}}]"}}, {"model": "admin.logentry", "pk": 128, "fields": {"action_time": "2021-06-30T04:04:38.326Z", "user": ["admin"], "content_type": ["website", "tree"], "object_id": "5", "object_repr": "Tree 5", "action_flag": 1, "change_message": "[{\"added\": {}}]"}}, {"model": "admin.logentry", "pk": 129, "fields": {"action_time": "2021-06-30T04:05:23.925Z", "user": ["admin"], "content_type": ["website", "tree"], "object_id": "6", "object_repr": "Tree 6", "action_flag": 1, "change_message": "[{\"added\": {}}]"}}, {"model": "admin.logentry", "pk": 130, "fields": {"action_time": "2021-06-30T04:06:03.517Z", "user": ["admin"], "content_type": ["website", "tree"], "object_id": "7", "object_repr": "Tree 7", "action_flag": 1, "change_message": "[{\"added\": {}}]"}}, {"model": "admin.logentry", "pk": 131, "fields": {"action_time": "2021-06-30T04:06:42.020Z", "user": ["admin"], "content_type": ["website", "tree"], "object_id": "8", "object_repr": "Tree 8", "action_flag": 1, "change_message": "[{\"added\": {}}]"}}, {"model": "admin.logentry", "pk": 132, "fields": {"action_time": "2021-06-30T04:17:56.061Z", "user": ["admin"], "content_type": ["store", "product"], "object_id": "21", "object_repr": "Snake Plant ( Small) - Wood Stand", "action_flag": 1, "change_message": "[{\"added\": {}}]"}}, {"model": "admin.logentry", "pk": 133, "fields": {"action_time": "2021-06-30T04:19:43.956Z", "user": ["admin"], "content_type": ["store", "product"], "object_id": "22", "object_repr": "Snake Plant ( Small) - Stone Stand", "action_flag": 1, "change_message": "[{\"added\": {}}]"}}, {"model": "admin.logentry", "pk": 134, "fields": {"action_time": "2021-06-30T04:22:14.253Z", "user": ["admin"], "content_type": ["store", "product"], "object_id": "23", "object_repr": "Snake Plant ( Small) - Timber Frame", "action_flag": 1, "change_message": "[{\"added\": {}}]"}}, {"model": "admin.logentry", "pk": 135, "fields": {"action_time": "2021-06-30T04:23:16.581Z", "user": ["admin"], "content_type": ["store", "product"], "object_id": "24", "object_repr": "Snake Plant ( Medium size)", "action_flag": 1, "change_message": "[{\"added\": {}}]"}}, {"model": "admin.logentry", "pk": 136, "fields": {"action_time": "2021-06-30T04:24:13.967Z", "user": ["admin"], "content_type": ["store", "product"], "object_id": "25", "object_repr": "Snake Plant (Large)", "action_flag": 1, "change_message": "[{\"added\": {}}]"}}, {"model": "admin.logentry", "pk": 137, "fields": {"action_time": "2021-06-30T04:25:02.804Z", "user": ["admin"], "content_type": ["store", "category"], "object_id": "23", "object_repr": "Money Plants", "action_flag": 1, "change_message": "[{\"added\": {}}]"}}, {"model": "admin.logentry", "pk": 138, "fields": {"action_time": "2021-06-30T04:25:48.057Z", "user": ["admin"], "content_type": ["store", "product"], "object_id": "26", "object_repr": "Money Plant ( Small) -  Wood Stand", "action_flag": 1, "change_message": "[{\"added\": {}}]"}}, {"model": "admin.logentry", "pk": 139, "fields": {"action_time": "2021-06-30T04:26:56.719Z", "user": ["admin"], "content_type": ["store", "product"], "object_id": "27", "object_repr": "Money Plant ( Small) - Stone Stand", "action_flag": 1, "change_message": "[{\"added\": {}}]"}}, {"model": "admin.logentry", "pk": 140, "fields": {"action_time": "2021-06-30T04:27:58.906Z", "user": ["admin"], "content_type": ["store", "product"], "object_id": "28", "object_repr": "Money Plant ( Small) - Timber Frame", "action_flag": 1, "change_message": "[{\"added\": {}}]"}}, {"model": "admin.logentry", "pk": 141, "fields": {"action_time": "2021-06-30T04:29:03.443Z", "user": ["admin"], "content_type": ["store", "product"], "object_id": "29", "object_repr": "Money plant (Medium) - Wall Mount - Timber Frame", "action_flag": 1, "change_message": "[{\"added\": {}}]"}}, {"model": "admin.logentry", "pk": 142, "fields": {"action_time": "2021-06-30T04:30:22.080Z", "user": ["admin"], "content_type": ["store", "product"], "object_id": "30", "object_repr": "Money plant (Large) - Wall Mount - Timber Frame", "action_flag": 1, "change_message": "[{\"added\": {}}]"}}, {"model": "admin.logentry", "pk": 143, "fields": {"action_time": "2021-06-30T04:31:47.658Z", "user": ["admin"], "content_type": ["store", "product"], "object_id": "31", "object_repr": "Money Plant (Large) - Wall Mount", "action_flag": 1, "change_message": "[{\"added\": {}}]"}}, {"model": "admin.logentry", "pk": 144, "fields": {"action_time": "2021-06-30T04:32:56.444Z", "user": ["admin"], "content_type": ["store", "product"], "object_id": "32", "object_repr": "Money Plant (Large Leaves)", "action_flag": 1, "change_message": "[{\"added\": {}}]"}}, {"model": "admin.logentry", "pk": 145, "fields": {"action_time": "2021-06-30T04:33:09.729Z", "user": ["admin"], "content_type": ["store", "category"], "object_id": "24", "object_repr": "Aglaonema Creta Plants", "action_flag": 1, "change_message": "[{\"added\": {}}]"}}, {"model": "admin.logentry", "pk": 146, "fields": {"action_time": "2021-06-30T04:33:54.523Z", "user": ["admin"], "content_type": ["store", "product"], "object_id": "33", "object_repr": "Aglaonema Creta Plant", "action_flag": 1, "change_message": "[{\"added\": {}}]"}}, {"model": "admin.logentry", "pk": 147, "fields": {"action_time": "2021-06-30T16:51:43.543Z", "user": ["admin"], "content_type": ["store", "product"], "object_id": "1", "object_repr": "Bamboo Pots and Planters - Option 1", "action_flag": 3, "change_message": ""}}, {"model": "admin.logentry", "pk": 148, "fields": {"action_time": "2021-06-30T16:51:43.566Z", "user": ["admin"], "content_type": ["store", "product"], "object_id": "2", "object_repr": "Cloth Planters - Option 1", "action_flag": 3, "change_message": ""}}, {"model": "admin.logentry", "pk": 149, "fields": {"action_time": "2021-06-30T16:51:43.581Z", "user": ["admin"], "content_type": ["store", "product"], "object_id": "3", "object_repr": "Coconut Shell Planters", "action_flag": 3, "change_message": ""}}, {"model": "admin.logentry", "pk": 150, "fields": {"action_time": "2021-06-30T16:51:43.597Z", "user": ["admin"], "content_type": ["store", "product"], "object_id": "5", "object_repr": "Crate Planters", "action_flag": 3, "change_message": ""}}, {"model": "admin.logentry", "pk": 151, "fields": {"action_time": "2021-06-30T16:51:43.615Z", "user": ["admin"], "content_type": ["store", "product"], "object_id": "17", "object_repr": "Plastic Bottle Planters", "action_flag": 3, "change_message": ""}}, {"model": "admin.logentry", "pk": 152, "fields": {"action_time": "2021-06-30T16:51:43.629Z", "user": ["admin"], "content_type": ["store", "product"], "object_id": "20", "object_repr": "Tyre Planter", "action_flag": 3, "change_message": ""}}, {"model": "admin.logentry", "pk": 153, "fields": {"action_time": "2021-06-30T16:52:34.730Z", "user": ["admin"], "content_type": ["store", "category"], "object_id": "13", "object_repr": "Bamboo Pots and Planters", "action_flag": 3, "change_message": ""}}, {"model": "admin.logentry", "pk": 154, "fields": {"action_time": "2021-06-30T16:52:34.746Z", "user": ["admin"], "content_type": ["store", "category"], "object_id": "10", "object_repr": "Cloth Planters", "action_flag": 3, "change_message": ""}}, {"model": "admin.logentry", "pk": 155, "fields": {"action_time": "2021-06-30T16:52:34.762Z", "user": ["admin"], "content_type": ["store", "category"], "object_id": "12", "object_repr": "Coconut Shell Planters", "action_flag": 3, "change_message": ""}}, {"model": "admin.logentry", "pk": 156, "fields": {"action_time": "2021-06-30T16:52:34.778Z", "user": ["admin"], "content_type": ["store", "category"], "object_id": "11", "object_repr": "Crate Planters", "action_flag": 3, "change_message": ""}}, {"model": "admin.logentry", "pk": 157, "fields": {"action_time": "2021-06-30T16:52:34.797Z", "user": ["admin"], "content_type": ["store", "category"], "object_id": "14", "object_repr": "Plastic Bottle Planters", "action_flag": 3, "change_message": ""}}, {"model": "admin.logentry", "pk": 158, "fields": {"action_time": "2021-06-30T16:52:34.814Z", "user": ["admin"], "content_type": ["store", "category"], "object_id": "16", "object_repr": "Tyre Planters", "action_flag": 3, "change_message": ""}}, {"model": "admin.logentry", "pk": 159, "fields": {"action_time": "2021-06-30T16:52:47.988Z", "user": ["admin"], "content_type": ["store", "category"], "object_id": "6", "object_repr": "Terrariums", "action_flag": 2, "change_message": "[]"}}, {"model": "admin.logentry", "pk": 160, "fields": {"action_time": "2021-06-30T18:37:38.200Z", "user": ["admin"], "content_type": ["website", "tree"], "object_id": "1", "object_repr": "Tree 1", "action_flag": 3, "change_message": ""}}, {"model": "admin.logentry", "pk": 161, "fields": {"action_time": "2021-06-30T18:37:38.217Z", "user": ["admin"], "content_type": ["website", "tree"], "object_id": "2", "object_repr": "Tree 2", "action_flag": 3, "change_message": ""}}, {"model": "admin.logentry", "pk": 162, "fields": {"action_time": "2021-06-30T18:37:38.234Z", "user": ["admin"], "content_type": ["website", "tree"], "object_id": "3", "object_repr": "Tree 3", "action_flag": 3, "change_message": ""}}, {"model": "admin.logentry", "pk": 163, "fields": {"action_time": "2021-06-30T18:37:38.251Z", "user": ["admin"], "content_type": ["website", "tree"], "object_id": "4", "object_repr": "Tree 4", "action_flag": 3, "change_message": ""}}, {"model": "admin.logentry", "pk": 164, "fields": {"action_time": "2021-06-30T18:37:38.265Z", "user": ["admin"], "content_type": ["website", "tree"], "object_id": "5", "object_repr": "Tree 5", "action_flag": 3, "change_message": ""}}, {"model": "admin.logentry", "pk": 165, "fields": {"action_time": "2021-06-30T18:37:38.279Z", "user": ["admin"], "content_type": ["website", "tree"], "object_id": "6", "object_repr": "Tree 6", "action_flag": 3, "change_message": ""}}, {"model": "admin.logentry", "pk": 166, "fields": {"action_time": "2021-06-30T18:37:38.295Z", "user": ["admin"], "content_type": ["website", "tree"], "object_id": "7", "object_repr": "Tree 7", "action_flag": 3, "change_message": ""}}, {"model": "admin.logentry", "pk": 167, "fields": {"action_time": "2021-06-30T18:37:38.310Z", "user": ["admin"], "content_type": ["website", "tree"], "object_id": "8", "object_repr": "Tree 8", "action_flag": 3, "change_message": ""}}, {"model": "admin.logentry", "pk": 168, "fields": {"action_time": "2021-06-30T18:59:17.808Z", "user": ["admin"], "content_type": ["website", "tree"], "object_id": "9", "object_repr": "Fiddle-Leaf Fig Tree", "action_flag": 1, "change_message": "[{\"added\": {}}]"}}, {"model": "admin.logentry", "pk": 169, "fields": {"action_time": "2021-06-30T19:00:08.693Z", "user": ["admin"], "content_type": ["website", "tree"], "object_id": "10", "object_repr": "Split-Leaf Philodendron", "action_flag": 1, "change_message": "[{\"added\": {}}]"}}, {"model": "admin.logentry", "pk": 170, "fields": {"action_time": "2021-06-30T19:00:40.420Z", "user": ["admin"], "content_type": ["website", "tree"], "object_id": "11", "object_repr": "Meyer Lemon Tree", "action_flag": 1, "change_message": "[{\"added\": {}}]"}}, {"model": "admin.logentry", "pk": 171, "fields": {"action_time": "2021-06-30T19:01:19.001Z", "user": ["admin"], "content_type": ["website", "tree"], "object_id": "12", "object_repr": "Kentia Palm", "action_flag": 1, "change_message": "[{\"added\": {}}]"}}, {"model": "admin.logentry", "pk": 172, "fields": {"action_time": "2021-06-30T19:01:45.408Z", "user": ["admin"], "content_type": ["website", "tree"], "object_id": "13", "object_repr": "Castiron Plant", "action_flag": 1, "change_message": "[{\"added\": {}}]"}}, {"model": "admin.logentry", "pk": 173, "fields": {"action_time": "2021-06-30T19:02:28.714Z", "user": ["admin"], "content_type": ["website", "tree"], "object_id": "14", "object_repr": "Amazon Lily", "action_flag": 1, "change_message": "[{\"added\": {}}]"}}, {"model": "admin.logentry", "pk": 174, "fields": {"action_time": "2021-06-30T19:04:33.509Z", "user": ["admin"], "content_type": ["website", "tree"], "object_id": "15", "object_repr": "Snake Plant", "action_flag": 1, "change_message": "[{\"added\": {}}]"}}, {"model": "admin.logentry", "pk": 175, "fields": {"action_time": "2021-06-30T19:05:46.244Z", "user": ["admin"], "content_type": ["website", "tree"], "object_id": "16", "object_repr": "African Spear Plant", "action_flag": 1, "change_message": "[{\"added\": {}}]"}}, {"model": "admin.logentry", "pk": 176, "fields": {"action_time": "2021-06-30T19:09:22.231Z", "user": ["admin"], "content_type": ["website", "tree"], "object_id": "14", "object_repr": "Amazon Lily", "action_flag": 2, "change_message": "[{\"changed\": {\"fields\": [\"Benefits\", \"Image1\", \"Image2\", \"Image3\"]}}]"}}, {"model": "admin.logentry", "pk": 177, "fields": {"action_time": "2021-06-30T19:12:15.245Z", "user": ["admin"], "content_type": ["website", "tree"], "object_id": "16", "object_repr": "African Spear Plant", "action_flag": 2, "change_message": "[{\"changed\": {\"fields\": [\"Benefits\", \"Image2\", \"Image3\"]}}]"}}, {"model": "admin.logentry", "pk": 178, "fields": {"action_time": "2021-06-30T19:13:49.696Z", "user": ["admin"], "content_type": ["website", "tree"], "object_id": "13", "object_repr": "Castiron Plant", "action_flag": 2, "change_message": "[{\"changed\": {\"fields\": [\"Benefits\", \"Image1\", \"Image2\"]}}]"}}, {"model": "admin.logentry", "pk": 179, "fields": {"action_time": "2021-06-30T19:14:07.888Z", "user": ["admin"], "content_type": ["website", "tree"], "object_id": "12", "object_repr": "Kentia Palm", "action_flag": 2, "change_message": "[{\"changed\": {\"fields\": [\"Image1\"]}}]"}}, {"model": "admin.logentry", "pk": 180, "fields": {"action_time": "2021-06-30T19:14:20.793Z", "user": ["admin"], "content_type": ["website", "tree"], "object_id": "11", "object_repr": "Meyer Lemon Tree", "action_flag": 2, "change_message": "[{\"changed\": {\"fields\": [\"Image1\"]}}]"}}, {"model": "admin.logentry", "pk": 181, "fields": {"action_time": "2021-06-30T19:14:33.139Z", "user": ["admin"], "content_type": ["website", "tree"], "object_id": "15", "object_repr": "Snake Plant", "action_flag": 2, "change_message": "[{\"changed\": {\"fields\": [\"Image1\"]}}]"}}, {"model": "admin.logentry", "pk": 182, "fields": {"action_time": "2021-06-30T19:14:47.319Z", "user": ["admin"], "content_type": ["website", "tree"], "object_id": "10", "object_repr": "Split-Leaf Philodendron", "action_flag": 2, "change_message": "[{\"changed\": {\"fields\": [\"Image1\"]}}]"}}, {"model": "admin.logentry", "pk": 183, "fields": {"action_time": "2021-06-30T21:03:25.430Z", "user": ["admin"], "content_type": ["website", "tree"], "object_id": "16", "object_repr": "African Spear Plant", "action_flag": 2, "change_message": "[{\"changed\": {\"fields\": [\"List image\"]}}]"}}, {"model": "admin.logentry", "pk": 184, "fields": {"action_time": "2021-06-30T21:03:37.149Z", "user": ["admin"], "content_type": ["website", "tree"], "object_id": "14", "object_repr": "Amazon Lily", "action_flag": 2, "change_message": "[{\"changed\": {\"fields\": [\"List image\"]}}]"}}, {"model": "admin.logentry", "pk": 185, "fields": {"action_time": "2021-06-30T21:03:50.660Z", "user": ["admin"], "content_type": ["website", "tree"], "object_id": "13", "object_repr": "Castiron Plant", "action_flag": 2, "change_message": "[{\"changed\": {\"fields\": [\"List image\"]}}]"}}, {"model": "admin.logentry", "pk": 186, "fields": {"action_time": "2021-06-30T21:04:05.664Z", "user": ["admin"], "content_type": ["website", "tree"], "object_id": "9", "object_repr": "Fiddle-Leaf Fig Tree", "action_flag": 2, "change_message": "[{\"changed\": {\"fields\": [\"List image\"]}}]"}}, {"model": "admin.logentry", "pk": 187, "fields": {"action_time": "2021-06-30T21:04:23.445Z", "user": ["admin"], "content_type": ["website", "tree"], "object_id": "12", "object_repr": "Kentia Palm", "action_flag": 2, "change_message": "[{\"changed\": {\"fields\": [\"List image\"]}}]"}}, {"model": "admin.logentry", "pk": 188, "fields": {"action_time": "2021-06-30T21:04:39.696Z", "user": ["admin"], "content_type": ["website", "tree"], "object_id": "11", "object_repr": "Meyer Lemon Tree", "action_flag": 2, "change_message": "[{\"changed\": {\"fields\": [\"List image\"]}}]"}}, {"model": "admin.logentry", "pk": 189, "fields": {"action_time": "2021-06-30T21:04:53.080Z", "user": ["admin"], "content_type": ["website", "tree"], "object_id": "15", "object_repr": "Snake Plant", "action_flag": 2, "change_message": "[{\"changed\": {\"fields\": [\"List image\"]}}]"}}, {"model": "admin.logentry", "pk": 190, "fields": {"action_time": "2021-06-30T21:05:05.142Z", "user": ["admin"], "content_type": ["website", "tree"], "object_id": "10", "object_repr": "Split-Leaf Philodendron", "action_flag": 2, "change_message": "[{\"changed\": {\"fields\": [\"List image\"]}}]"}}, {"model": "admin.logentry", "pk": 191, "fields": {"action_time": "2021-06-30T21:16:40.884Z", "user": ["admin"], "content_type": ["store", "product"], "object_id": "33", "object_repr": "Aglaonema Creta Plant", "action_flag": 2, "change_message": "[{\"changed\": {\"fields\": [\"List image\", \"Image\"]}}]"}}, {"model": "admin.logentry", "pk": 192, "fields": {"action_time": "2021-06-30T21:17:24.367Z", "user": ["admin"], "content_type": ["store", "product"], "object_id": "4", "object_repr": "Cokedama String Garden", "action_flag": 2, "change_message": "[{\"changed\": {\"fields\": [\"List image\"]}}]"}}, {"model": "admin.logentry", "pk": 193, "fields": {"action_time": "2021-06-30T21:17:35.579Z", "user": ["admin"], "content_type": ["store", "product"], "object_id": "6", "object_repr": "Decayed Wood Plant Arrangements", "action_flag": 2, "change_message": "[{\"changed\": {\"fields\": [\"List image\"]}}]"}}, {"model": "admin.logentry", "pk": 194, "fields": {"action_time": "2021-06-30T21:17:51.678Z", "user": ["admin"], "content_type": ["store", "product"], "object_id": "7", "object_repr": "Glass Bottle Planters", "action_flag": 2, "change_message": "[{\"changed\": {\"fields\": [\"List image\"]}}]"}}, {"model": "admin.logentry", "pk": 195, "fields": {"action_time": "2021-06-30T21:18:15.024Z", "user": ["admin"], "content_type": ["store", "product"], "object_id": "32", "object_repr": "Money Plant (Large Leaves)", "action_flag": 2, "change_message": "[{\"changed\": {\"fields\": [\"List image\"]}}]"}}, {"model": "admin.logentry", "pk": 196, "fields": {"action_time": "2021-06-30T21:18:25.458Z", "user": ["admin"], "content_type": ["store", "product"], "object_id": "31", "object_repr": "Money Plant (Large) - Wall Mount", "action_flag": 2, "change_message": "[{\"changed\": {\"fields\": [\"List image\"]}}]"}}, {"model": "admin.logentry", "pk": 197, "fields": {"action_time": "2021-06-30T21:18:41.519Z", "user": ["admin"], "content_type": ["store", "product"], "object_id": "30", "object_repr": "Money plant (Large) - Wall Mount - Timber Frame", "action_flag": 2, "change_message": "[{\"changed\": {\"fields\": [\"List image\"]}}]"}}, {"model": "admin.logentry", "pk": 198, "fields": {"action_time": "2021-06-30T21:18:53.754Z", "user": ["admin"], "content_type": ["store", "product"], "object_id": "30", "object_repr": "Money plant (Large) - Wall Mount - Timber Frame", "action_flag": 2, "change_message": "[]"}}, {"model": "admin.logentry", "pk": 199, "fields": {"action_time": "2021-06-30T21:19:06.491Z", "user": ["admin"], "content_type": ["store", "product"], "object_id": "29", "object_repr": "Money plant (Medium) - Wall Mount - Timber Frame", "action_flag": 2, "change_message": "[{\"changed\": {\"fields\": [\"List image\"]}}]"}}, {"model": "admin.logentry", "pk": 200, "fields": {"action_time": "2021-06-30T21:19:17.700Z", "user": ["admin"], "content_type": ["store", "product"], "object_id": "27", "object_repr": "Money Plant ( Small) - Stone Stand", "action_flag": 2, "change_message": "[{\"changed\": {\"fields\": [\"List image\"]}}]"}}, {"model": "admin.logentry", "pk": 201, "fields": {"action_time": "2021-06-30T21:19:28.438Z", "user": ["admin"], "content_type": ["store", "product"], "object_id": "28", "object_repr": "Money Plant ( Small) - Timber Frame", "action_flag": 2, "change_message": "[{\"changed\": {\"fields\": [\"List image\"]}}]"}}, {"model": "admin.logentry", "pk": 202, "fields": {"action_time": "2021-06-30T21:19:40.448Z", "user": ["admin"], "content_type": ["store", "product"], "object_id": "26", "object_repr": "Money Plant ( Small) -  Wood Stand", "action_flag": 2, "change_message": "[{\"changed\": {\"fields\": [\"List image\"]}}]"}}, {"model": "admin.logentry", "pk": 203, "fields": {"action_time": "2021-06-30T21:19:59.560Z", "user": ["admin"], "content_type": ["store", "product"], "object_id": "8", "object_repr": "Painted Cement Pots", "action_flag": 2, "change_message": "[{\"changed\": {\"fields\": [\"List image\"]}}]"}}, {"model": "admin.logentry", "pk": 204, "fields": {"action_time": "2021-06-30T21:20:13.773Z", "user": ["admin"], "content_type": ["store", "product"], "object_id": "9", "object_repr": "Painted Clay Pots", "action_flag": 2, "change_message": "[{\"changed\": {\"fields\": [\"List image\"]}}]"}}, {"model": "admin.logentry", "pk": 205, "fields": {"action_time": "2021-06-30T21:20:35.871Z", "user": ["admin"], "content_type": ["store", "product"], "object_id": "10", "object_repr": "Plant Art", "action_flag": 2, "change_message": "[{\"changed\": {\"fields\": [\"List image\"]}}]"}}, {"model": "admin.logentry", "pk": 206, "fields": {"action_time": "2021-06-30T21:20:48.439Z", "user": ["admin"], "content_type": ["store", "product"], "object_id": "11", "object_repr": "Plant Themed Greeting Cards", "action_flag": 2, "change_message": "[{\"changed\": {\"fields\": [\"List image\"]}}]"}}, {"model": "admin.logentry", "pk": 207, "fields": {"action_time": "2021-06-30T21:21:00.978Z", "user": ["admin"], "content_type": ["store", "product"], "object_id": "12", "object_repr": "Plant Themed Jewelry", "action_flag": 2, "change_message": "[{\"changed\": {\"fields\": [\"List image\"]}}]"}}, {"model": "admin.logentry", "pk": 208, "fields": {"action_time": "2021-06-30T21:21:14.034Z", "user": ["admin"], "content_type": ["store", "product"], "object_id": "13", "object_repr": "Plant Themed Jewelry Holders", "action_flag": 2, "change_message": "[{\"changed\": {\"fields\": [\"List image\"]}}]"}}, {"model": "admin.logentry", "pk": 209, "fields": {"action_time": "2021-06-30T21:21:57.427Z", "user": ["admin"], "content_type": ["store", "product"], "object_id": "14", "object_repr": "Plant Themed Painting1", "action_flag": 2, "change_message": "[{\"changed\": {\"fields\": [\"List image\"]}}]"}}, {"model": "admin.logentry", "pk": 210, "fields": {"action_time": "2021-06-30T21:22:18.359Z", "user": ["admin"], "content_type": ["store", "product"], "object_id": "15", "object_repr": "Plant Themed Photo Frames", "action_flag": 2, "change_message": "[{\"changed\": {\"fields\": [\"List image\"]}}]"}}, {"model": "admin.logentry", "pk": 211, "fields": {"action_time": "2021-06-30T21:22:32.743Z", "user": ["admin"], "content_type": ["store", "product"], "object_id": "16", "object_repr": "Plant Themed String Art", "action_flag": 2, "change_message": "[{\"changed\": {\"fields\": [\"List image\"]}}]"}}, {"model": "admin.logentry", "pk": 212, "fields": {"action_time": "2021-06-30T21:22:50.665Z", "user": ["admin"], "content_type": ["store", "product"], "object_id": "25", "object_repr": "Snake Plant (Large)", "action_flag": 2, "change_message": "[{\"changed\": {\"fields\": [\"List image\"]}}]"}}, {"model": "admin.logentry", "pk": 213, "fields": {"action_time": "2021-06-30T21:23:02.561Z", "user": ["admin"], "content_type": ["store", "product"], "object_id": "24", "object_repr": "Snake Plant ( Medium size)", "action_flag": 2, "change_message": "[{\"changed\": {\"fields\": [\"List image\"]}}]"}}, {"model": "admin.logentry", "pk": 214, "fields": {"action_time": "2021-06-30T21:23:15.595Z", "user": ["admin"], "content_type": ["store", "product"], "object_id": "22", "object_repr": "Snake Plant ( Small) - Stone Stand", "action_flag": 2, "change_message": "[{\"changed\": {\"fields\": [\"List image\"]}}]"}}, {"model": "admin.logentry", "pk": 215, "fields": {"action_time": "2021-06-30T21:23:40.664Z", "user": ["admin"], "content_type": ["store", "product"], "object_id": "23", "object_repr": "Snake Plant ( Small) - Timber Frame", "action_flag": 2, "change_message": "[{\"changed\": {\"fields\": [\"List image\", \"Image\"]}}]"}}, {"model": "admin.logentry", "pk": 216, "fields": {"action_time": "2021-06-30T21:23:54.211Z", "user": ["admin"], "content_type": ["store", "product"], "object_id": "21", "object_repr": "Snake Plant ( Small) - Wood Stand", "action_flag": 2, "change_message": "[{\"changed\": {\"fields\": [\"List image\"]}}]"}}, {"model": "admin.logentry", "pk": 217, "fields": {"action_time": "2021-06-30T21:24:08.866Z", "user": ["admin"], "content_type": ["store", "product"], "object_id": "18", "object_repr": "Terrarium 1", "action_flag": 2, "change_message": "[{\"changed\": {\"fields\": [\"List image\"]}}]"}}, {"model": "admin.logentry", "pk": 218, "fields": {"action_time": "2021-06-30T21:24:20.574Z", "user": ["admin"], "content_type": ["store", "product"], "object_id": "19", "object_repr": "Terrarium 2", "action_flag": 2, "change_message": "[{\"changed\": {\"fields\": [\"List image\"]}}]"}}, {"model": "admin.logentry", "pk": 219, "fields": {"action_time": "2021-06-30T22:44:01.825Z", "user": ["admin"], "content_type": ["website", "project"], "object_id": "6", "object_repr": "Project 6", "action_flag": 2, "change_message": "[{\"changed\": {\"fields\": [\"Image1\"]}}]"}}, {"model": "admin.logentry", "pk": 220, "fields": {"action_time": "2021-06-30T22:44:42.442Z", "user": ["admin"], "content_type": ["website", "project"], "object_id": "5", "object_repr": "Project 5", "action_flag": 2, "change_message": "[{\"changed\": {\"fields\": [\"Image1\"]}}]"}}]